"Activity Date","Process Date","Settle Date","Instrument","Description","Trans Code","Quantity","Price","Amount"
"10/22/2025","10/22/2025","10/23/2025","BYND","Beyond Meat
CUSIP: 08862E109","Buy","0.34046","$3.81","($1.30)"
"10/22/2025","10/22/2025","10/23/2025","BYND","Beyond Meat
CUSIP: 08862E109","Buy","131","$3.81","($498.70)"
"10/22/2025","10/22/2025","10/23/2025","BYND","Beyond Meat
CUSIP: 08862E109","Sell","785","$3.00","$2,355.09"
"10/22/2025","10/22/2025","10/23/2025","BYND","Beyond Meat
CUSIP: 08862E109","Buy","0.168755","$5.98","($1.01)"
"10/22/2025","10/22/2025","10/23/2025","BYND","Beyond Meat
CUSIP: 08862E109","Buy","334","$5.98","($1,998.99)"
"10/22/2025","10/22/2025","10/23/2025","","ACH Deposit","ACH","","","$2,000.00"
"10/21/2025","10/21/2025","10/22/2025","BYND","Beyond Meat
CUSIP: 08862E109","Buy","0.494522","$3.20","($1.58)"
"10/21/2025","10/21/2025","10/22/2025","BYND","Beyond Meat
CUSIP: 08862E109","Buy","156","$3.20","($498.42)"
"10/20/2025","10/20/2025","10/21/2025","BYND","Beyond Meat
CUSIP: 08862E109","Buy","295","$1.67","($492.65)"
"10/17/2025","10/17/2025","10/20/2025","","ACH Deposit","ACH","","","$1,000.00"
"10/10/2025","10/10/2025","10/14/2025","CRM","Salesforce
CUSIP: 79466L302
Dividend Reinvestment","Buy","0.016891","$247.46","($4.18)"
"10/9/2025","10/9/2025","10/9/2025","CRM","Cash Div: R/D 2025-09-17 P/D 2025-10-09 - 10.044653 shares at 0.416","CDIV","","","$4.18"
"10/7/2025","10/7/2025","10/7/2025","","Gold Subscription Fee","GOLD","","","($5.00)"
"10/6/2025","10/6/2025","10/6/2025","TNYA","Stock Lending","SLIP","","","$0.08"
"10/6/2025","10/6/2025","10/6/2025","SCHD","Stock Lending","SLIP","","","$0.01"
"10/6/2025","10/6/2025","10/6/2025","SPY","Stock Lending","SLIP","","","$0.01"
"10/6/2025","10/6/2025","10/6/2025","RDDT","Stock Lending","SLIP","","","$0.01"
"10/6/2025","10/6/2025","10/6/2025","SMR","Stock Lending","SLIP","","","$0.01"
"10/6/2025","10/6/2025","10/6/2025","RKLB","Stock Lending","SLIP","","","$0.01"
"10/6/2025","10/6/2025","10/6/2025","RIVN","Stock Lending","SLIP","","","$0.01"
"10/6/2025","10/6/2025","10/6/2025","ASTS","Stock Lending","SLIP","","","$0.01"
"10/6/2025","10/6/2025","10/6/2025","LUNR","Stock Lending","SLIP","","","$0.01"
"10/6/2025","10/6/2025","10/6/2025","ATYR","Stock Lending","SLIP","","","$0.01"
"10/6/2025","10/6/2025","10/6/2025","QQQ","Stock Lending","SLIP","","","$0.01"
"10/6/2025","10/6/2025","10/6/2025","OKLO","Stock Lending","SLIP","","","$0.01"
"10/3/2025","10/3/2025","10/6/2025","NVDA","NVIDIA
CUSIP: 67066G104
Dividend Reinvestment","Buy","0.007346","$189.20","($1.39)"
"10/2/2025","10/2/2025","10/2/2025","NVDA","Cash Div: R/D 2025-09-11 P/D 2025-10-02 - 138.601999 shares at 0.01","CDIV","","","$1.39"
"10/2/2025","10/2/2025","10/3/2025","KO","Coca-Cola
CUSIP: 191216100
Dividend Reinvestment","Buy","0.118873","$66.20","($7.87)"
"10/2/2025","10/2/2025","10/3/2025","VOO","Vanguard S&P 500 ETF
CUSIP: 922908363
Dividend Reinvestment","Buy","0.204947","$615.33","($126.11)"
"10/1/2025","10/1/2025","10/1/2025","KO","Cash Div: R/D 2025-09-15 P/D 2025-10-01 - 15.436255 shares at 0.51","CDIV","","","$7.87"
"10/1/2025","10/1/2025","10/1/2025","VOO","Cash Div: R/D 2025-09-29 P/D 2025-10-01 - 72.47738 shares at 1.74","CDIV","","","$126.11"
"9/30/2025","9/30/2025","9/30/2025","","Interest Payment","INT","","","$1.82"
"9/30/2025","9/30/2025","9/30/2025","","Gold Deposit Boost Payment","GDBP","","","$18.09"
"9/30/2025","9/30/2025","10/1/2025","SCHD","Schwab US Dividend Equity ETF
CUSIP: 808524797
Dividend Reinvestment","Buy","36.88409","$27.09","($999.19)"
"9/29/2025","9/29/2025","9/29/2025","SCHD","Cash Div: R/D 2025-09-24 P/D 2025-09-29 - 3837.132465 shares at 0.2604","CDIV","","","$999.19"
"9/26/2025","9/26/2025","9/29/2025","GOOGL","Alphabet Class A
CUSIP: 02079K305","Buy","3.653533","$246.95","($902.24)"
"9/26/2025","9/26/2025","9/29/2025","OKLO","Oklo
CUSIP: 02156V109","Buy","20","$110.92","($2,218.40)"
"9/26/2025","9/26/2025","9/29/2025","","ACH Deposit","ACH","","","$3,000.00"
"9/24/2025","9/24/2025","9/25/2025","BLK","Blackrock, Inc.
CUSIP: 09290D101
Dividend Reinvestment","Buy","0.043532","$1,135.47","($49.43)"
"9/23/2025","9/23/2025","9/23/2025","BLK","Cash Div: R/D 2025-09-05 P/D 2025-09-23 - 9.487128 shares at 5.21","CDIV","","","$49.43"
"9/17/2025","9/17/2025","9/18/2025","VOO","Vanguard S&P 500 ETF
CUSIP: 922908363","Buy","0.5","$605.95","($302.98)"
"9/17/2025","9/17/2025","9/18/2025","VOO","Vanguard S&P 500 ETF
CUSIP: 922908363","Buy","2","$605.95","($1,211.90)"
"9/17/2025","9/17/2025","9/18/2025","","ACH Deposit","ACH","","","$500.00"
"9/17/2025","9/17/2025","9/18/2025","","ACH Deposit","ACH","","","$1,000.00"
"9/16/2025","9/16/2025","9/17/2025","GOOGL","Alphabet Class A
CUSIP: 02079K305
Dividend Reinvestment","Buy","0.08229","$250.09","($20.58)"
"9/15/2025","9/15/2025","9/15/2025","GOOGL","Cash Div: R/D 2025-09-08 P/D 2025-09-15 - 97.990023 shares at 0.21","CDIV","","","$20.58"
"9/12/2025","9/12/2025","9/15/2025","MSFT","Microsoft
CUSIP: 594918104
Dividend Reinvestment","Buy","0.051432","$506.30","($26.04)"
"9/11/2025","9/11/2025","9/11/2025","MSFT","Cash Div: R/D 2025-08-21 P/D 2025-09-11 - 31.377695 shares at 0.83","CDIV","","","$26.04"
"9/9/2025","9/9/2025","9/10/2025","ASTS","AST SpaceMobile
CUSIP: 00217D100","Buy","40","$37.60","($1,504.00)"
"9/8/2025","9/8/2025","9/8/2025","TNYA","Stock Lending","SLIP","","","$0.01"
"9/8/2025","9/8/2025","9/8/2025","RKLB","Stock Lending","SLIP","","","$0.01"
"9/8/2025","9/8/2025","9/8/2025","RDDT","Stock Lending","SLIP","","","$0.01"
"9/8/2025","9/8/2025","9/8/2025","RIVN","Stock Lending","SLIP","","","$0.01"
"9/8/2025","9/8/2025","9/8/2025","SCHD","Stock Lending","SLIP","","","$0.01"
"9/8/2025","9/8/2025","9/8/2025","SPY","Stock Lending","SLIP","","","$0.01"
"9/8/2025","9/8/2025","9/8/2025","SMR","Stock Lending","SLIP","","","$0.01"
"9/8/2025","9/8/2025","9/8/2025","LUNR","Stock Lending","SLIP","","","$0.01"
"9/8/2025","9/8/2025","9/8/2025","QQQ","Stock Lending","SLIP","","","$0.01"
"9/8/2025","9/8/2025","9/8/2025","OKLO","Stock Lending","SLIP","","","$0.01"
"9/8/2025","9/8/2025","9/8/2025","ASTS","Stock Lending","SLIP","","","$0.01"
"9/8/2025","9/8/2025","9/8/2025","","Gold Subscription Fee","GOLD","","","($5.00)"
"9/2/2025","9/2/2025","9/2/2025","","Gold Deposit Boost Payment","GDBP","","","$18.09"
"8/29/2025","8/29/2025","8/29/2025","","Interest Payment","INT","","","$10.18"
"8/29/2025","8/29/2025","9/2/2025","ATYR","aTyr Pharma
CUSIP: 002120202","Buy","400","$5.48","($2,192.01)"
"8/29/2025","8/29/2025","9/2/2025","","ACH Deposit","ACH","","","$3,500.00"
"8/20/2025","8/20/2025","8/21/2025","MSFT","Microsoft
CUSIP: 594918104","Buy","4","$507.09","($2,028.36)"
"8/20/2025","8/20/2025","8/21/2025","RKLB","Rocket Lab Corporation
CUSIP: 773121108","Buy","50","$38.89","($1,944.60)"
"8/20/2025","8/20/2025","8/21/2025","PLTR","Palantir Technologies
CUSIP: 69608A108","Buy","15","$146.67","($2,200.12)"
"8/20/2025","8/20/2025","8/21/2025","","ACH Deposit","ACH","","","$6,000.00"
"8/19/2025","8/19/2025","8/20/2025","OKLO","Oklo
CUSIP: 02156V109","Buy","20","$66.18","($1,323.65)"
"8/19/2025","8/19/2025","8/20/2025","SMR","NuScale Power
CUSIP: 67079K100","Buy","40","$33.14","($1,325.48)"
"8/19/2025","8/19/2025","8/20/2025","","ACH Deposit","ACH","","","$5,000.00"
"8/18/2025","8/18/2025","8/19/2025","","ACH Deposit","ACH","","","$1,000.00"
"8/15/2025","8/15/2025","8/18/2025","PLTR","Palantir Technologies
CUSIP: 69608A108","Buy","2","$177.18","($354.36)"
"8/15/2025","8/15/2025","8/18/2025","AAPL","Apple
CUSIP: 037833100
Dividend Reinvestment","Buy","0.009623","$231.72","($2.23)"
"8/14/2025","8/14/2025","8/14/2025","AAPL","Cash Div: R/D 2025-08-11 P/D 2025-08-14 - 8.58042 shares at 0.26","CDIV","","","$2.23"
"8/14/2025","8/14/2025","8/15/2025","OKLO","Oklo
CUSIP: 02156V109","Buy","20","$73.07","($1,461.40)"
"8/14/2025","8/14/2025","8/15/2025","","ACH Deposit","ACH","","","$1,000.00"
"8/14/2025","8/14/2025","8/15/2025","PLTR","Palantir Technologies
CUSIP: 69608A108","Buy","10","$181.34","($1,813.45)"
"8/11/2025","8/11/2025","8/12/2025","GOOGL","Alphabet Class A
CUSIP: 02079K305","Buy","30","$199.40","($5,982.00)"
"8/11/2025","8/11/2025","8/12/2025","TSLA","Tesla
CUSIP: 88160R101","Sell","20","$340.08","$6,801.60"
"8/8/2025","8/8/2025","8/8/2025","","Gold Subscription Fee","GOLD","","","($5.00)"
"8/7/2025","8/7/2025","8/7/2025","SCHD","Stock Lending","SLIP","","","$0.01"
"8/7/2025","8/7/2025","8/7/2025","TNYA","Stock Lending","SLIP","","","$0.26"
"8/7/2025","8/7/2025","8/7/2025","SPY","Stock Lending","SLIP","","","$0.01"
"8/7/2025","8/7/2025","8/7/2025","RIVN","Stock Lending","SLIP","","","$0.01"
"8/7/2025","8/7/2025","8/7/2025","RDDT","Stock Lending","SLIP","","","$0.01"
"8/7/2025","8/7/2025","8/7/2025","RKLB","Stock Lending","SLIP","","","$0.01"
"8/7/2025","8/7/2025","8/7/2025","LUNR","Stock Lending","SLIP","","","$0.01"
"8/7/2025","8/7/2025","8/7/2025","SMR","Stock Lending","SLIP","","","$0.01"
"8/7/2025","8/7/2025","8/7/2025","OKLO","Stock Lending","SLIP","","","$0.01"
"8/7/2025","8/7/2025","8/7/2025","QQQ","Stock Lending","SLIP","","","$0.01"
"8/7/2025","8/7/2025","8/7/2025","ASTS","Stock Lending","SLIP","","","$0.01"
"8/7/2025","8/7/2025","8/8/2025","ASTS","AST SpaceMobile
CUSIP: 00217D100","Buy","25","$48.16","($1,203.95)"
"8/6/2025","8/6/2025","8/7/2025","LUNR","Intuitive Machines
CUSIP: 46125A100","Buy","300","$10.66","($3,196.50)"
"8/6/2025","8/6/2025","8/7/2025","VOO","Vanguard S&P 500 ETF
CUSIP: 922908363","Buy","19","$581.70","($11,052.30)"
"8/6/2025","8/6/2025","8/7/2025","VOO","Vanguard S&P 500 ETF
CUSIP: 922908363","Buy","1","$581.70","($581.70)"
"8/6/2025","8/6/2025","8/7/2025","SCHD","Schwab US Dividend Equity ETF
CUSIP: 808524797","Buy","200","$26.78","($5,355.26)"
"8/6/2025","8/6/2025","8/7/2025","SCHD","Schwab US Dividend Equity ETF
CUSIP: 808524797","Buy","850","$26.78","($22,759.79)"
"8/6/2025","8/6/2025","8/7/2025","SCHD","Schwab US Dividend Equity ETF
CUSIP: 808524797","Buy","299","$26.78","($8,006.20)"
"8/6/2025","8/6/2025","8/7/2025","SCHD","Schwab US Dividend Equity ETF
CUSIP: 808524797","Buy","1","$26.78","($26.78)"
"8/6/2025","8/6/2025","8/7/2025","","ACH Deposit","ACH","","","$50,000.00"
"8/1/2025","8/1/2025","8/4/2025","QQQ","Invesco QQQ
CUSIP: 46090E103
Dividend Reinvestment","Buy","0.017413","$553.60","($9.64)"
"8/1/2025","8/1/2025","8/4/2025","SPY","SPDR S&P 500 ETF
CUSIP: 78462F103
Dividend Reinvestment","Buy","0.314401","$621.62","($195.44)"
"7/31/2025","7/31/2025","7/31/2025","SPY","Cash Div: R/D 2025-06-20 P/D 2025-07-31 - 110.973339 shares at 1.761117","CDIV","","","$195.44"
"7/31/2025","7/31/2025","7/31/2025","QQQ","Cash Div: R/D 2025-06-23 P/D 2025-07-31 - 16.310086 shares at 0.59111","CDIV","","","$9.64"
"7/31/2025","7/31/2025","7/31/2025","","Interest Payment","INT","","","$37.83"
"7/31/2025","7/31/2025","7/31/2025","","Gold Deposit Boost Payment","GDBP","","","$18.09"
"7/11/2025","7/11/2025","7/14/2025","CRM","Salesforce
CUSIP: 79466L302
Dividend Reinvestment","Buy","0.01596","$261.27","($4.17)"
"7/10/2025","7/10/2025","7/10/2025","CRM","Cash Div: R/D 2025-06-18 P/D 2025-07-10 - 10.028693 shares at 0.416","CDIV","","","$4.17"
"7/9/2025","7/9/2025","7/9/2025","","Gold Subscription Fee","GOLD","","","($5.00)"
"7/8/2025","7/8/2025","7/8/2025","SCHD","Stock Lending","SLIP","","","$0.01"
"7/8/2025","7/8/2025","7/8/2025","RKLB","Stock Lending","SLIP","","","$0.01"
"7/8/2025","7/8/2025","7/8/2025","TNYA","Stock Lending","SLIP","","","$1.74"
"7/8/2025","7/8/2025","7/8/2025","SPY","Stock Lending","SLIP","","","$0.01"
"7/8/2025","7/8/2025","7/8/2025","RIVN","Stock Lending","SLIP","","","$0.01"
"7/8/2025","7/8/2025","7/8/2025","QQQ","Stock Lending","SLIP","","","$0.01"
"7/8/2025","7/8/2025","7/8/2025","RDDT","Stock Lending","SLIP","","","$0.01"
"7/8/2025","7/8/2025","7/8/2025","OKLO","Stock Lending","SLIP","","","$0.01"
"7/8/2025","7/8/2025","7/8/2025","LUNR","Stock Lending","SLIP","","","$0.01"
"7/8/2025","7/8/2025","7/8/2025","SMR","Stock Lending","SLIP","","","$0.01"
"7/8/2025","7/8/2025","7/8/2025","ASTS","Stock Lending","SLIP","","","$0.14"
"7/7/2025","7/7/2025","7/8/2025","NVDA","NVIDIA
CUSIP: 67066G104
Dividend Reinvestment","Buy","0.008777","$158.36","($1.39)"
"7/3/2025","7/3/2025","7/3/2025","NVDA","Cash Div: R/D 2025-06-11 P/D 2025-07-03 - 138.593222 shares at 0.01","CDIV","","","$1.39"
"7/3/2025","7/3/2025","7/7/2025","VOO","Vanguard S&P 500 ETF
CUSIP: 922908363
Dividend Reinvestment","Buy","0.151219","$574.86","($86.93)"
"7/2/2025","7/2/2025","7/2/2025","VOO","Cash Div: R/D 2025-06-30 P/D 2025-07-02 - 49.826161 shares at 1.7447","CDIV","","","$86.93"
"7/2/2025","7/2/2025","7/3/2025","KO","Coca-Cola
CUSIP: 191216100
Dividend Reinvestment","Buy","0.110156","$70.99","($7.82)"
"7/1/2025","7/1/2025","7/1/2025","KO","Cash Div: R/D 2025-06-13 P/D 2025-07-01 - 15.326099 shares at 0.51","CDIV","","","$7.82"
"7/1/2025","7/1/2025","7/2/2025","SCHD","Schwab US Dividend Equity ETF
CUSIP: 808524797
Dividend Reinvestment","Buy","23.934215","$26.78","($640.92)"
"7/1/2025","7/1/2025","7/1/2025","","Gold Deposit Boost Payment","GDBP","","","$18.09"
"6/30/2025","6/30/2025","6/30/2025","","Interest Payment","INT","","","$9.38"
"6/30/2025","6/30/2025","6/30/2025","SCHD","Cash Div: R/D 2025-06-25 P/D 2025-06-30 - 2463.19825 shares at 0.2602","CDIV","","","$640.92"
"6/26/2025","6/26/2025","6/27/2025","RKLB","Rocket Lab Corporation
CUSIP: 773121108","Sell","238","$36.35","$8,651.54"
"6/26/2025","6/26/2025","6/27/2025","RKLB","Rocket Lab Corporation
CUSIP: 773121108","Sell","0.185725","$36.36","$6.75"
"6/24/2025","6/24/2025","6/25/2025","BLK","Blackrock, Inc.
CUSIP: 09290D101
Dividend Reinvestment","Buy","0.049172","$999.96","($49.17)"
"6/23/2025","6/23/2025","6/23/2025","BLK","Cash Div: R/D 2025-06-05 P/D 2025-06-23 - 9.437956 shares at 5.21","CDIV","","","$49.17"
"6/20/2025","6/20/2025","6/23/2025","SPY","SPDR S&P 500 ETF
CUSIP: 78462F103","Buy","4","$595.19","($2,380.76)"
"6/20/2025","6/20/2025","6/23/2025","","ACH Deposit","ACH","","","$1,600.00"
"6/17/2025","6/17/2025","6/18/2025","GOOGL","Alphabet Class A
CUSIP: 02079K305
Dividend Reinvestment","Buy","0.080912","$176.24","($14.26)"
"6/16/2025","6/16/2025","6/16/2025","GOOGL","Cash Div: R/D 2025-06-09 P/D 2025-06-16 - 67.909111 shares at 0.21","CDIV","","","$14.26"
"6/16/2025","6/16/2025","6/17/2025","OKLO","Oklo
CUSIP: 02156V109","Sell","21.63877","$69.32","$1,500.00"
"6/13/2025","6/13/2025","6/16/2025","MSFT","Microsoft
CUSIP: 594918104
Dividend Reinvestment","Buy","0.047609","$476.37","($22.68)"
"6/12/2025","6/12/2025","6/12/2025","MSFT","Cash Div: R/D 2025-05-15 P/D 2025-06-12 - 27.330086 shares at 0.83","CDIV","","","$22.68"
"6/10/2025","6/10/2025","6/11/2025","SCHD","Schwab US Dividend Equity ETF
CUSIP: 808524797","Buy","373.929936","$26.69","($9,980.21)"
"6/10/2025","6/10/2025","6/11/2025","SCHD","Schwab US Dividend Equity ETF
CUSIP: 808524797","Buy","0.741615","$26.68","($19.79)"
"6/10/2025","6/10/2025","6/11/2025","","ACH Deposit","ACH","","","$10,000.00"
"6/9/2025","6/9/2025","6/10/2025","CRM","Salesforce
CUSIP: 79466L302","Buy","5","$272.61","($1,363.05)"
"6/9/2025","6/9/2025","6/10/2025","TSLA","Tesla
CUSIP: 88160R101","Buy","10","$293.62","($2,936.25)"
"6/9/2025","6/9/2025","6/10/2025","TSLA","Tesla
CUSIP: 88160R101","Buy","10","$293.69","($2,936.90)"
"6/9/2025","6/9/2025","6/10/2025","","ACH Deposit","ACH","","","$5,000.00"
"6/9/2025","6/9/2025","6/9/2025","","Gold Subscription Fee","GOLD","","","($5.00)"
"6/6/2025","6/6/2025","6/6/2025","RKLB","Stock Lending","SLIP","","","$0.01"
"6/6/2025","6/6/2025","6/6/2025","LUNR","Stock Lending","SLIP","","","$0.01"
"6/6/2025","6/6/2025","6/6/2025","SPY","Stock Lending","SLIP","","","$0.01"
"6/6/2025","6/6/2025","6/6/2025","ASTS","Stock Lending","SLIP","","","$0.01"
"6/6/2025","6/6/2025","6/6/2025","TNYA","Stock Lending","SLIP","","","$2.91"
"6/6/2025","6/6/2025","6/6/2025","QQQ","Stock Lending","SLIP","","","$0.01"
"6/6/2025","6/6/2025","6/6/2025","OKLO","Stock Lending","SLIP","","","$0.01"
"6/6/2025","6/6/2025","6/6/2025","SMR","Stock Lending","SLIP","","","$0.01"
"6/6/2025","6/6/2025","6/6/2025","RIVN","Stock Lending","SLIP","","","$0.01"
"6/6/2025","6/6/2025","6/6/2025","RKLB","Stock Lending","SLIP","","","$0.01"
"6/5/2025","6/5/2025","6/6/2025","TNYA","Tenaya Therapeutics
CUSIP: 87990A106","Sell","3479","$0.58","$2,005.60"
"6/2/2025","6/2/2025","6/2/2025","","Gold Deposit Boost Payment","GDBP","","","$18.11"
"5/30/2025","5/30/2025","5/30/2025","","Interest Payment","INT","","","$39.96"
"5/27/2025","5/27/2025","5/27/2025","RKLB","Rocket Lab USA
CUSIP: 773122106","SXCH","465.0796S","",""
"5/27/2025","5/27/2025","5/27/2025","RKLB","Rocket Lab Corporation
CUSIP: 773121108","SXCH","465.0796","",""
"5/20/2025","5/20/2025","5/21/2025","SCHD","Schwab US Dividend Equity ETF
CUSIP: 808524797","Buy","400","$26.58","($10,630.78)"
"5/16/2025","5/16/2025","5/19/2025","AAPL","Apple
CUSIP: 037833100
Dividend Reinvestment","Buy","0.010598","$210.41","($2.23)"
"5/15/2025","5/15/2025","5/15/2025","AAPL","Cash Div: R/D 2025-05-12 P/D 2025-05-15 - 8.569822 shares at 0.26","CDIV","","","$2.23"
"5/14/2025","5/14/2025","5/15/2025","RDDT","Reddit
CUSIP: 75734B100","Sell","5","$129.68","$648.39"
"5/13/2025","5/13/2025","5/14/2025","NVDA","NVIDIA
CUSIP: 67066G104","Sell","0.29624","$129.89","$38.48"
"5/13/2025","5/13/2025","5/14/2025","NVDA","NVIDIA
CUSIP: 67066G104","Sell","30","$129.89","$3,896.64"
"5/13/2025","5/13/2025","5/14/2025","GOOGL","Alphabet Class A
CUSIP: 02079K305","Buy","30","$159.11","($4,773.29)"
"5/13/2025","5/13/2025","5/14/2025","SCHD","Schwab US Dividend Equity ETF
CUSIP: 808524797","Buy","500","$26.36","($13,178.12)"
"5/12/2025","5/12/2025","5/12/2025","","Gold Subscription Fee","GOLD","","","($5.00)"
"5/7/2025","5/7/2025","5/7/2025","TNYA","Stock Lending","SLIP","","","$3.31"
"5/7/2025","5/7/2025","5/7/2025","SBUX","Stock Lending","SLIP","","","$0.01"
"5/7/2025","5/7/2025","5/7/2025","RKLB","Stock Lending","SLIP","","","$0.01"
"5/7/2025","5/7/2025","5/7/2025","SPY","Stock Lending","SLIP","","","$0.01"
"5/7/2025","5/7/2025","5/7/2025","RIVN","Stock Lending","SLIP","","","$0.01"
"5/7/2025","5/7/2025","5/7/2025","SCHD","Stock Lending","SLIP","","","$0.01"
"5/7/2025","5/7/2025","5/7/2025","LUNR","Stock Lending","SLIP","","","$0.01"
"5/7/2025","5/7/2025","5/7/2025","SMR","Stock Lending","SLIP","","","$0.01"
"5/7/2025","5/7/2025","5/7/2025","OKLO","Stock Lending","SLIP","","","$0.01"
"5/7/2025","5/7/2025","5/7/2025","QQQ","Stock Lending","SLIP","","","$0.01"
"5/7/2025","5/7/2025","5/7/2025","ASTS","Stock Lending","SLIP","","","$0.01"
"5/2/2025","5/2/2025","5/5/2025","AVGO","Broadcom
CUSIP: 11135F101","Sell","4","$204.73","$818.89"
"5/2/2025","5/2/2025","5/5/2025","AVGO","Broadcom
CUSIP: 11135F101","Sell","0.809264","$204.73","$165.68"
"5/2/2025","5/2/2025","5/5/2025","CCJ","Cameco
CUSIP: 13321L108","Sell","8.962767","$47.04","$421.61"
"5/2/2025","5/2/2025","5/5/2025","PFE","Pfizer
CUSIP: 717081103","Sell","2.41203","$24.20","$58.38"
"5/2/2025","5/2/2025","5/5/2025","NKE","Nike
CUSIP: 654106103","Sell","2","$58.14","$116.29"
"5/2/2025","5/2/2025","5/5/2025","NKE","Nike
CUSIP: 654106103","Sell","0.109659","$58.14","$6.38"
"5/2/2025","5/2/2025","5/5/2025","SBUX","Starbucks
CUSIP: 855244109","Sell","2","$84.35","$168.70"
"5/2/2025","5/2/2025","5/5/2025","SBUX","Starbucks
CUSIP: 855244109","Sell","0.173027","$84.35","$14.59"
"5/2/2025","5/2/2025","5/5/2025","MSFT","Microsoft
CUSIP: 594918104","Sell","0.99952","$437.49","$437.28"
"5/2/2025","5/2/2025","5/5/2025","MSFT","Microsoft
CUSIP: 594918104","Sell","6","$437.49","$2,624.85"
"5/2/2025","5/2/2025","5/5/2025","PLTR","Palantir Technologies
CUSIP: 69608A108","Sell","51","$122.63","$6,253.94"
"5/2/2025","5/2/2025","5/5/2025","PLTR","Palantir Technologies
CUSIP: 69608A108","Sell","0.636067","$122.63","$78.00"
"5/1/2025","5/1/2025","5/2/2025","PLTR","Palantir Technologies
CUSIP: 69608A108","Sell","10","$119.28","$1,192.81"
"5/1/2025","5/1/2025","5/2/2025","SPY","SPDR S&P 500 ETF
CUSIP: 78462F103
Dividend Reinvestment","Buy","0.297101","$563.14","($167.31)"
"5/1/2025","5/1/2025","5/2/2025","QQQ","Invesco QQQ
CUSIP: 46090E103
Dividend Reinvestment","Buy","0.024061","$484.60","($11.66)"
"5/1/2025","5/1/2025","5/2/2025","SCHD","Schwab US Dividend Equity ETF
CUSIP: 808524797","Buy","200","$25.79","($5,157.24)"
"5/1/2025","5/1/2025","5/1/2025","","Gold Deposit Boost Payment","GDBP","","","$18.13"
"4/30/2025","4/30/2025","4/30/2025","QQQ","Cash Div: R/D 2025-03-24 P/D 2025-04-30 - 16.286025 shares at 0.71571","CDIV","","","$11.66"
"4/30/2025","4/30/2025","4/30/2025","SPY","Cash Div: R/D 2025-03-21 P/D 2025-04-30 - 98.676238 shares at 1.695528","CDIV","","","$167.31"
"4/30/2025","4/30/2025","4/30/2025","","Interest Payment","INT","","","$30.93"
"4/30/2025","4/30/2025","5/1/2025","MSFT","Microsoft
CUSIP: 594918104","Sell","2","$417.00","$833.97"
"4/25/2025","4/25/2025","4/28/2025","CRM","Salesforce
CUSIP: 79466L302
Dividend Reinvestment","Buy","0.007895","$264.72","($2.09)"
"4/24/2025","4/24/2025","4/24/2025","CRM","Cash Div: R/D 2025-04-10 P/D 2025-04-24 - 5.020798 shares at 0.416","CDIV","","","$2.09"
"4/24/2025","4/24/2025","4/25/2025","PLTR","Palantir Technologies
CUSIP: 69608A108","Sell","20","$106.87","$2,137.34"
"4/11/2025","4/11/2025","4/14/2025","AAPL","Apple
CUSIP: 037833100","Sell","20","$190.00","$3,799.89"
"4/11/2025","4/11/2025","4/14/2025","AAPL","Apple
CUSIP: 037833100","Buy","20","$190.77","($3,815.40)"
"4/10/2025","4/10/2025","4/10/2025","","Gold Subscription Fee","GOLD","","","($5.00)"
"4/8/2025","4/8/2025","4/9/2025","SPY","SPDR S&P 500 ETF
CUSIP: 78462F103","Buy","8","$495.30","($3,962.40)"
"4/8/2025","4/8/2025","4/9/2025","SPY","SPDR S&P 500 ETF
CUSIP: 78462F103","Buy","2","$522.99","($1,045.98)"
"4/8/2025","4/8/2025","4/9/2025","SCHD","Schwab US Dividend Equity ETF
CUSIP: 808524797","Buy","50","$25.45","($1,272.50)"
"4/8/2025","4/8/2025","4/9/2025","SPY","SPDR S&P 500 ETF
CUSIP: 78462F103","Buy","2","$517.94","($1,035.88)"
"4/7/2025","4/7/2025","4/8/2025","SCHD","Schwab US Dividend Equity ETF
CUSIP: 808524797","Buy","100","$25.02","($2,501.50)"
"4/7/2025","4/7/2025","4/8/2025","SPY","SPDR S&P 500 ETF
CUSIP: 78462F103","Sell","2","$511.02","$1,022.01"
"4/7/2025","4/7/2025","4/8/2025","SPY","SPDR S&P 500 ETF
CUSIP: 78462F103","Buy","2","$493.99","($987.98)"
"4/4/2025","4/4/2025","4/8/2025","","ACH Deposit","ACH","","","$20,000.00"
"4/3/2025","4/3/2025","4/4/2025","NVDA","NVIDIA
CUSIP: 67066G104
Dividend Reinvestment","Buy","0.016262","$103.92","($1.69)"
"4/2/2025","4/2/2025","4/2/2025","NVDA","Cash Div: R/D 2025-03-12 P/D 2025-04-02 - 168.8732 shares at 0.01","CDIV","","","$1.69"
"4/2/2025","4/2/2025","4/3/2025","NKE","Nike
CUSIP: 654106103
Dividend Reinvestment","Buy","0.013028","$64.47","($0.84)"
"4/2/2025","4/2/2025","4/3/2025","KO","Coca-Cola
CUSIP: 191216100
Dividend Reinvestment","Buy","0.107741","$72.02","($7.76)"
"4/1/2025","4/1/2025","4/1/2025","NKE","Cash Div: R/D 2025-03-03 P/D 2025-04-01 - 2.096631 shares at 0.4","CDIV","","","$0.84"
"4/1/2025","4/1/2025","4/1/2025","KO","Cash Div: R/D 2025-03-14 P/D 2025-04-01 - 15.218358 shares at 0.51","CDIV","","","$7.76"
"4/1/2025","4/1/2025","4/2/2025","VOO","Vanguard S&P 500 ETF
CUSIP: 922908363
Dividend Reinvestment","Buy","0.175076","$513.89","($89.97)"
"4/1/2025","4/1/2025","4/2/2025","SCHD","Schwab US Dividend Equity ETF
CUSIP: 808524797
Dividend Reinvestment","Buy","6.730838","$27.79","($187.05)"
"4/1/2025","4/1/2025","4/2/2025","AVGO","Broadcom
CUSIP: 11135F101
Dividend Reinvestment","Buy","0.017214","$164.39","($2.83)"
"4/1/2025","4/1/2025","4/1/2025","","Gold Deposit Boost Payment","GDBP","","","$18.13"
"3/31/2025","3/31/2025","3/31/2025","SCHD","Cash Div: R/D 2025-03-26 P/D 2025-03-31 - 751.795861 shares at 0.2488","CDIV","","","$187.05"
"3/31/2025","3/31/2025","3/31/2025","VOO","Cash Div: R/D 2025-03-27 P/D 2025-03-31 - 49.651085 shares at 1.8121","CDIV","","","$89.97"
"3/31/2025","3/31/2025","3/31/2025","AVGO","Cash Div: R/D 2025-03-20 P/D 2025-03-31 - 4.79205 shares at 0.59","CDIV","","","$2.83"
"3/31/2025","3/31/2025","3/31/2025","","Interest Payment","INT","","","$14.68"
"3/26/2025","3/26/2025","3/27/2025","SCHD","Schwab US Dividend Equity ETF
CUSIP: 808524797","Buy","80","$27.92","($2,233.36)"
"3/25/2025","3/25/2025","3/26/2025","BLK","Blackrock, Inc.
CUSIP: 09290D101
Dividend Reinvestment","Buy","0.039638","$972.53","($38.55)"
"3/24/2025","3/24/2025","3/24/2025","BLK","Cash Div: R/D 2025-03-07 P/D 2025-03-24 - 7.398318 shares at 5.21","CDIV","","","$38.55"
"3/24/2025","3/24/2025","3/25/2025","SCHD","Schwab US Dividend Equity ETF
CUSIP: 808524797","Buy","100","$27.98","($2,797.50)"
"3/18/2025","3/18/2025","3/19/2025","SCHD","Schwab US Dividend Equity ETF
CUSIP: 808524797","Buy","100","$27.84","($2,784.50)"
"3/18/2025","3/18/2025","3/19/2025","SPY","SPDR S&P 500 ETF
CUSIP: 78462F103","Buy","4","$560.61","($2,242.44)"
"3/18/2025","3/18/2025","3/19/2025","GOOGL","Alphabet Class A
CUSIP: 02079K305
Dividend Reinvestment","Buy","0.048237","$156.93","($7.57)"
"3/18/2025","3/18/2025","3/19/2025","","ACH Deposit","ACH","","","$10,000.00"
"3/17/2025","3/17/2025","3/17/2025","GOOGL","Cash Div: R/D 2025-03-10 P/D 2025-03-17 - 37.860874 shares at 0.2","CDIV","","","$7.57"
"3/17/2025","3/17/2025","3/18/2025","SCHD","Schwab US Dividend Equity ETF
CUSIP: 808524797","Buy","70","$27.78","($1,944.94)"
"3/17/2025","3/17/2025","3/18/2025","TSLA","Tesla
CUSIP: 88160R101","Sell","1","$245.04","$245.04"
"3/17/2025","3/17/2025","3/18/2025","TSLA","Tesla
CUSIP: 88160R101","Sell","1","$245.04","$245.04"
"3/17/2025","3/17/2025","3/18/2025","TSLA","Tesla
CUSIP: 88160R101","Sell","2","$245.04","$490.08"
"3/17/2025","3/17/2025","3/18/2025","TSLA","Tesla
CUSIP: 88160R101","Sell","1","$245.04","$245.04"
"3/14/2025","3/14/2025","3/17/2025","MSFT","Microsoft
CUSIP: 594918104
Dividend Reinvestment","Buy","0.078447","$383.57","($30.09)"
"3/13/2025","3/13/2025","3/13/2025","MSFT","Cash Div: R/D 2025-02-20 P/D 2025-03-13 - 36.251159 shares at 0.83","CDIV","","","$30.09"
"3/11/2025","3/11/2025","3/12/2025","RDDT","Reddit
CUSIP: 75734B100","Buy","10","$120.65","($1,206.46)"
"3/11/2025","3/11/2025","3/12/2025","SPY","SPDR S&P 500 ETF
CUSIP: 78462F103","Buy","2","$558.34","($1,116.69)"
"3/11/2025","3/11/2025","3/12/2025","BLK","Blackrock, Inc.
CUSIP: 09290D101","Buy","2","$924.00","($1,848.00)"
"3/11/2025","3/11/2025","3/11/2025","","Gold Subscription Fee","GOLD","","","($5.00)"
"3/10/2025","3/10/2025","3/11/2025","","ACH Deposit","ACH","","","$10,000.00"
"3/10/2025","3/10/2025","3/11/2025","TSLA","Tesla
CUSIP: 88160R101","Buy","5","$221.13","($1,105.64)"
"3/10/2025","3/10/2025","3/11/2025","SPY","SPDR S&P 500 ETF
CUSIP: 78462F103","Buy","2","$561.48","($1,122.95)"
"3/10/2025","3/10/2025","3/11/2025","RKLB","Rocket Lab USA
CUSIP: 773122106","Buy","100","$17.06","($1,705.99)"
"3/10/2025","3/10/2025","3/11/2025","PFE","Pfizer
CUSIP: 717081103
Dividend Reinvestment","Buy","0.037673","$27.08","($1.02)"
"3/10/2025","3/10/2025","3/11/2025","SPY","SPDR S&P 500 ETF
CUSIP: 78462F103","Buy","2","$568.33","($1,136.66)"
"3/7/2025","3/7/2025","3/7/2025","PFE","Cash Div: R/D 2025-01-24 P/D 2025-03-07 - 2.374357 shares at 0.43","CDIV","","","$1.02"
"3/6/2025","3/6/2025","3/7/2025","SPY","SPDR S&P 500 ETF
CUSIP: 78462F103","Buy","2","$572.56","($1,145.12)"
"3/6/2025","3/6/2025","3/7/2025","SPY","SPDR S&P 500 ETF
CUSIP: 78462F103","Buy","2","$579.60","($1,159.19)"
"3/5/2025","3/5/2025","3/6/2025","SPY","SPDR S&P 500 ETF
CUSIP: 78462F103","Buy","2","$573.74","($1,147.48)"
"3/5/2025","3/5/2025","3/6/2025","TNYA","Tenaya Therapeutics
CUSIP: 87990A106","Buy","2000","$0.50","($995.60)"
"3/5/2025","3/5/2025","3/6/2025","TNYA","Tenaya Therapeutics
CUSIP: 87990A106","Buy","2000","$0.47","($941.40)"
"3/4/2025","3/4/2025","3/5/2025","SPY","SPDR S&P 500 ETF
CUSIP: 78462F103","Buy","3","$578.92","($1,736.75)"
"3/3/2025","3/3/2025","3/4/2025","","ACH Deposit","ACH","","","$10,000.00"
"3/3/2025","3/3/2025","3/4/2025","SPY","SPDR S&P 500 ETF
CUSIP: 78462F103","Buy","1","$584.55","($584.55)"
"3/3/2025","3/3/2025","3/4/2025","SBUX","Starbucks
CUSIP: 855244109
Dividend Reinvestment","Buy","0.011336","$116.43","($1.32)"
"2/28/2025","2/28/2025","2/28/2025","SBUX","Cash Div: R/D 2025-02-14 P/D 2025-02-28 - 2.161691 shares at 0.61","CDIV","","","$1.32"
"2/28/2025","2/28/2025","2/28/2025","","Gold Deposit Boost Payment","GDBP","","","$18.14"
"2/28/2025","2/28/2025","2/28/2025","","Interest Payment","INT","","","$9.46"
"2/27/2025","2/27/2025","2/28/2025","SPY","SPDR S&P 500 ETF
CUSIP: 78462F103","Buy","5","$585.87","($2,929.35)"
"2/27/2025","2/27/2025","2/28/2025","GOOGL","Alphabet Class A
CUSIP: 02079K305","Buy","0.8907","$169.76","($151.20)"
"2/27/2025","2/27/2025","2/28/2025","GOOGL","Alphabet Class A
CUSIP: 02079K305","Buy","5","$169.76","($848.80)"
"2/27/2025","2/27/2025","2/28/2025","SPY","SPDR S&P 500 ETF
CUSIP: 78462F103","Buy","0.48334","$589.39","($284.88)"
"2/27/2025","2/27/2025","2/28/2025","SPY","SPDR S&P 500 ETF
CUSIP: 78462F103","Buy","8","$589.39","($4,715.12)"
"2/27/2025","2/27/2025","2/28/2025","","ACH Deposit","ACH","","","$10,000.00"
"2/26/2025","2/26/2025","2/27/2025","VST","Vistra
CUSIP: 92840M102","Sell","3","$147.54","$442.61"
"2/26/2025","2/26/2025","2/27/2025","VST","Vistra
CUSIP: 92840M102","Sell","0.860901","$147.54","$127.02"
"2/25/2025","2/25/2025","2/26/2025","PLTR","Palantir Technologies
CUSIP: 69608A108","Buy","0.00712","$86.93","($0.62)"
"2/25/2025","2/25/2025","2/26/2025","PLTR","Palantir Technologies
CUSIP: 69608A108","Buy","23","$86.93","($1,999.38)"
"2/25/2025","2/25/2025","2/26/2025","SPY","SPDR S&P 500 ETF
CUSIP: 78462F103","Buy","0.44337","$592.18","($262.55)"
"2/25/2025","2/25/2025","2/26/2025","SPY","SPDR S&P 500 ETF
CUSIP: 78462F103","Buy","7","$592.18","($4,145.26)"
"2/25/2025","2/25/2025","2/26/2025","SPY","SPDR S&P 500 ETF
CUSIP: 78462F103","Buy","1","$592.18","($592.18)"
"2/25/2025","2/25/2025","2/26/2025","","ACH Deposit","ACH","","","$10,000.00"
"2/24/2025","2/24/2025","2/24/2025","","External debit card transfer - account ending in 5417","DCF","","","$1,100.00"
"2/24/2025","2/24/2025","2/25/2025","SPY","SPDR S&P 500 ETF
CUSIP: 78462F103","Buy","0.34124","$598.58","($204.26)"
"2/24/2025","2/24/2025","2/25/2025","SPY","SPDR S&P 500 ETF
CUSIP: 78462F103","Buy","3","$598.58","($1,795.74)"
"2/24/2025","2/24/2025","2/25/2025","PLTR","Palantir Technologies
CUSIP: 69608A108","Buy","0.7418","$91.99","($68.24)"
"2/24/2025","2/24/2025","2/25/2025","PLTR","Palantir Technologies
CUSIP: 69608A108","Buy","21","$91.99","($1,931.76)"
"2/24/2025","2/24/2025","2/25/2025","","ACH Deposit","ACH","","","$4,000.00"
"2/21/2025","2/21/2025","2/24/2025","SPY","SPDR S&P 500 ETF
CUSIP: 78462F103","Buy","0.99676","$600.39","($598.44)"
"2/21/2025","2/21/2025","2/24/2025","SPY","SPDR S&P 500 ETF
CUSIP: 78462F103","Buy","4","$600.39","($2,401.55)"
"2/21/2025","2/21/2025","2/24/2025","GOOGL","Alphabet Class A
CUSIP: 02079K305","Buy","0.5479","$180.25","($98.76)"
"2/21/2025","2/21/2025","2/24/2025","GOOGL","Alphabet Class A
CUSIP: 02079K305","Buy","5","$180.25","($901.24)"
"2/21/2025","2/21/2025","2/24/2025","","ACH Deposit","ACH","","","$4,000.00"
"2/21/2025","2/21/2025","2/24/2025","RKLB","Rocket Lab USA
CUSIP: 773122106","Buy","0.89383","$23.41","($20.92)"
"2/21/2025","2/21/2025","2/24/2025","RKLB","Rocket Lab USA
CUSIP: 773122106","Buy","76","$23.41","($1,779.08)"
"2/21/2025","2/21/2025","2/24/2025","SPY","SPDR S&P 500 ETF
CUSIP: 78462F103","Buy","0.50133","$599.68","($300.64)"
"2/21/2025","2/21/2025","2/24/2025","SPY","SPDR S&P 500 ETF
CUSIP: 78462F103","Buy","2","$599.68","($1,199.36)"
"2/14/2025","2/14/2025","2/18/2025","AAPL","Apple
CUSIP: 037833100
Dividend Reinvestment","Buy","0.008777","$243.81","($2.14)"
"2/13/2025","2/13/2025","2/13/2025","AAPL","Cash Div: R/D 2025-02-10 P/D 2025-02-13 - 8.561045 shares at 0.25","CDIV","","","$2.14"
"2/13/2025","2/13/2025","2/14/2025","SCHD","Schwab US Dividend Equity ETF
CUSIP: 808524797","Buy","100","$27.68","($2,768.50)"
"2/13/2025","2/13/2025","2/14/2025","RDDT","Reddit
CUSIP: 75734B100","Buy","5","$205.28","($1,026.40)"
"2/12/2025","2/12/2025","2/13/2025","SPY","SPDR S&P 500 ETF
CUSIP: 78462F103","Buy","0.33506","$599.69","($200.93)"
"2/12/2025","2/12/2025","2/13/2025","SPY","SPDR S&P 500 ETF
CUSIP: 78462F103","Buy","3","$599.69","($1,799.07)"
"2/11/2025","2/11/2025","2/12/2025","","ACH Deposit","ACH","","","$10,000.00"
"2/10/2025","2/10/2025","2/10/2025","","Gold Subscription Fee","GOLD","","","($5.00)"
"2/6/2025","2/6/2025","2/7/2025","AMZN","Amazon
CUSIP: 023135106","Buy","0.23372","$236.20","($55.20)"
"2/6/2025","2/6/2025","2/7/2025","AMZN","Amazon
CUSIP: 023135106","Buy","4","$236.20","($944.80)"
"2/6/2025","2/6/2025","2/7/2025","SCHD","Schwab US Dividend Equity ETF
CUSIP: 808524797","Buy","178.89087","$27.95","($5,000.00)"
"2/4/2025","2/4/2025","2/5/2025","SPY","SPDR S&P 500 ETF
CUSIP: 78462F103","Buy","4.16861","$599.72","($2,500.00)"
"2/4/2025","2/4/2025","2/5/2025","PLTR","Palantir Technologies
CUSIP: 69608A108","Sell","0.37809","$102.55","$38.77"
"2/4/2025","2/4/2025","2/5/2025","PLTR","Palantir Technologies
CUSIP: 69608A108","Sell","24","$102.55","$2,461.16"
"2/3/2025","2/3/2025","2/4/2025","SPY","SPDR S&P 500 ETF
CUSIP: 78462F103
Dividend Reinvestment","Buy","0.112929","$596.92","($67.41)"
"2/3/2025","2/3/2025","2/3/2025","","Gold Deposit Boost Payment","GDBP","","","$18.15"
"1/31/2025","1/31/2025","1/31/2025","SPY","Cash Div: R/D 2024-12-20 P/D 2025-01-31 - 34.293599 shares at 1.965548","CDIV","","","$67.41"
"1/31/2025","1/31/2025","1/31/2025","","Interest Payment","INT","","","$3.36"
"1/31/2025","1/31/2025","2/3/2025","","ACH Deposit","ACH","","","$10,000.00"
"1/28/2025","1/28/2025","1/29/2025","AVGO","Broadcom
CUSIP: 11135F101","Buy","0.79205","$208.68","($165.28)"
"1/28/2025","1/28/2025","1/29/2025","AVGO","Broadcom
CUSIP: 11135F101","Buy","4","$208.68","($834.72)"
"1/28/2025","1/28/2025","1/29/2025","","ACH Deposit","ACH","","","$1,000.00"
"1/28/2025","1/28/2025","1/29/2025","MSFT","Microsoft
CUSIP: 594918104","Buy","4.58884","$435.84","($2,000.00)"
"1/27/2025","1/27/2025","1/28/2025","NVDA","NVIDIA
CUSIP: 67066G104","Buy","0.39754","$119.77","($47.61)"
"1/27/2025","1/27/2025","1/28/2025","NVDA","NVIDIA
CUSIP: 67066G104","Buy","33","$119.77","($3,952.39)"
"1/27/2025","1/27/2025","1/28/2025","PLTR","Palantir Technologies
CUSIP: 69608A108","Buy","30","$75.94","($2,278.20)"
"1/27/2025","1/27/2025","1/28/2025","VOO","Vanguard S&P 500 ETF
CUSIP: 922908363","Buy","10","$550.01","($5,500.10)"
"1/27/2025","1/27/2025","1/28/2025","","ACH Deposit","ACH","","","$10,000.00"
"1/21/2025","1/21/2025","1/22/2025","RKLB","Rocket Lab USA
CUSIP: 773122106","Sell","86.510733","$31.17","$2,696.45"
"1/21/2025","1/21/2025","1/22/2025","RKLB","Rocket Lab USA
CUSIP: 773122106","Sell","0.111004","$31.17","$3.46"
"1/21/2025","1/21/2025","1/21/2025","","2024-12-11 YG Promo Remediation","INT","","","$1.57"
"1/17/2025","1/17/2025","1/21/2025","MSTR","Strategy Inc.
CUSIP: 594972408","Sell","3","$392.47","$1,177.38"
"1/10/2025","1/10/2025","1/13/2025","CRM","Salesforce
CUSIP: 79466L302
Dividend Reinvestment","Buy","0.0063","$319.04","($2.01)"
"1/10/2025","1/10/2025","1/13/2025","SPY","SPDR S&P 500 ETF
CUSIP: 78462F103","Buy","4","$581.44","($2,325.78)"
"1/10/2025","1/10/2025","1/13/2025","MSFT","Microsoft
CUSIP: 594918104","Buy","5","$416.82","($2,084.10)"
"1/10/2025","1/10/2025","1/13/2025","NVDA","NVIDIA
CUSIP: 67066G104","Buy","0.72122","$135.86","($97.98)"
"1/10/2025","1/10/2025","1/13/2025","NVDA","NVIDIA
CUSIP: 67066G104","Buy","14","$135.86","($1,902.02)"
"1/10/2025","1/10/2025","1/13/2025","","ACH Deposit","ACH","","","$10,000.00"
"1/10/2025","1/10/2025","1/10/2025","","Gold Subscription Fee","GOLD","","","($5.00)"
"1/9/2025","1/9/2025","1/9/2025","CRM","Cash Div: R/D 2024-12-18 P/D 2025-01-09 - 5.014498 shares at 0.4","CDIV","","","$2.01"
"1/6/2025","1/6/2025","1/7/2025","NVDA","NVIDIA
CUSIP: 67066G104","Sell","0.63442","$151.33","$96.01"
"1/6/2025","1/6/2025","1/7/2025","NVDA","NVIDIA
CUSIP: 67066G104","Sell","3","$151.33","$453.99"
"1/3/2025","1/3/2025","1/6/2025","NKE","Nike
CUSIP: 654106103
Dividend Reinvestment","Buy","0.011285","$73.54","($0.83)"
"1/2/2025","1/2/2025","1/2/2025","NKE","Cash Div: R/D 2024-12-02 P/D 2025-01-02 - 2.085346 shares at 0.4","CDIV","","","$0.83"
"1/2/2025","1/2/2025","1/3/2025","QQQ","Invesco QQQ
CUSIP: 46090E103
Dividend Reinvestment","Buy","0.019989","$512.28","($10.24)"
"1/2/2025","1/2/2025","1/3/2025","VST","Vistra
CUSIP: 92840M102
Dividend Reinvestment","Buy","0.005911","$143.78","($0.85)"
"1/2/2025","1/2/2025","1/2/2025","","Gold Deposit Boost Payment","GDBP","","","$18.15"
"12/31/2024","12/31/2024","12/31/2024","QQQ","Cash Div: R/D 2024-12-23 P/D 2024-12-31 - 12.266036 shares at 0.83466","CDIV","","","$10.24"
"12/31/2024","12/31/2024","12/31/2024","VST","Cash Div: R/D 2024-12-20 P/D 2024-12-31 - 3.85499 shares at 0.2215","CDIV","","","$0.85"
"12/31/2024","12/31/2024","12/31/2024","","Interest Payment","INT","","","$1.08"
"12/30/2024","12/30/2024","12/31/2024","NVDA","NVIDIA
CUSIP: 67066G104
Dividend Reinvestment","Buy","0.00828","$137.67","($1.14)"
"12/27/2024","12/27/2024","12/27/2024","NVDA","Cash Div: R/D 2024-12-05 P/D 2024-12-27 - 114.38058 shares at 0.01","CDIV","","","$1.14"
"12/27/2024","12/27/2024","12/30/2024","GOOGL","Alphabet Class A
CUSIP: 02079K305","Buy","10","$191.81","($1,918.12)"
"12/27/2024","12/27/2024","12/30/2024","NVDA","NVIDIA
CUSIP: 67066G104","Buy","10","$136.23","($1,362.30)"
"12/27/2024","12/27/2024","12/30/2024","SCHD","Schwab US Dividend Equity ETF
CUSIP: 808524797","Buy","50","$27.39","($1,369.50)"
"12/27/2024","12/27/2024","12/30/2024","QQQ","Invesco QQQ
CUSIP: 46090E103","Buy","4","$520.00","($2,080.00)"
"12/27/2024","12/27/2024","12/30/2024","VOO","Vanguard S&P 500 ETF
CUSIP: 922908363","Buy","5","$544.82","($2,724.10)"
"12/27/2024","12/27/2024","12/30/2024","","ACH Deposit","ACH","","","$10,000.00"
"12/27/2024","12/27/2024","12/30/2024","VOO","Vanguard S&P 500 ETF
CUSIP: 922908363
Dividend Reinvestment","Buy","0.110169","$545.07","($60.05)"
"12/26/2024","12/26/2024","12/26/2024","VOO","Cash Div: R/D 2024-12-23 P/D 2024-12-26 - 34.540916 shares at 1.7385","CDIV","","","$60.05"
"12/24/2024","12/24/2024","12/26/2024","BLK","Blackrock, Inc.
CUSIP: 09290D101
Dividend Reinvestment","Buy","0.035742","$1,050.57","($37.55)"
"12/23/2024","12/23/2024","12/23/2024","BLK","Cash Div: R/D 2024-12-05 P/D 2024-12-23 - 7.362576 shares at 5.1","CDIV","","","$37.55"
"12/19/2024","12/19/2024","12/20/2024","SCHD","Schwab US Dividend Equity ETF
CUSIP: 808524797","Buy","80","$27.13","($2,170.39)"
"12/19/2024","12/19/2024","12/20/2024","RDDT","Reddit
CUSIP: 75734B100","Buy","6","$164.88","($989.28)"
"12/19/2024","12/19/2024","12/20/2024","QQQ","Invesco QQQ
CUSIP: 46090E103","Buy","4","$519.49","($2,077.96)"
"12/19/2024","12/19/2024","12/20/2024","VOO","Vanguard S&P 500 ETF
CUSIP: 922908363","Buy","8","$542.96","($4,343.68)"
"12/19/2024","12/19/2024","12/20/2024","","ACH Deposit","ACH","","","$8,000.00"
"12/17/2024","12/17/2024","12/18/2024","KO","Coca-Cola
CUSIP: 191216100
Dividend Reinvestment","Buy","0.115475","$63.39","($7.32)"
"12/17/2024","12/17/2024","12/18/2024","GOOGL","Alphabet Class A
CUSIP: 02079K305
Dividend Reinvestment","Buy","0.01667","$196.76","($3.28)"
"12/17/2024","12/17/2024","12/18/2024","VOO","Vanguard S&P 500 ETF
CUSIP: 922908363","Buy","4","$554.70","($2,218.80)"
"12/17/2024","12/17/2024","12/18/2024","TNYA","Tenaya Therapeutics
CUSIP: 87990A106","Buy","1000","$1.23","($1,228.40)"
"12/17/2024","12/17/2024","12/18/2024","","ACH Deposit","ACH","","","$5,000.00"
"12/17/2024","12/17/2024","12/18/2024","SCHD","Schwab US Dividend Equity ETF
CUSIP: 808524797
Dividend Reinvestment","Buy","0.685361","$27.87","($19.10)"
"12/16/2024","12/16/2024","12/16/2024","SCHD","Cash Div: R/D 2024-12-11 P/D 2024-12-16 - 72.21963 shares at 0.2645","CDIV","","","$19.10"
"12/16/2024","12/16/2024","12/16/2024","KO","Cash Div: R/D 2024-11-29 P/D 2024-12-16 - 15.102883 shares at 0.485","CDIV","","","$7.32"
"12/16/2024","12/16/2024","12/16/2024","GOOGL","Cash Div: R/D 2024-12-09 P/D 2024-12-16 - 16.405604 shares at 0.2","CDIV","","","$3.28"
"12/16/2024","12/16/2024","12/17/2024","CCJ","Cameco
CUSIP: 13321L108
Dividend Reinvestment","Buy","0.015823","$54.35","($0.86)"
"12/13/2024","12/13/2024","12/13/2024","CCJ","Foreign Tax Witholding at $0.15","DTAX","","","($0.15)"
"12/13/2024","12/13/2024","12/13/2024","CCJ","Cash Div: R/D 2024-11-27 P/D 2024-12-13 - 8.946944 shares at 0.112332","CDIV","","","$1.01"
"12/13/2024","12/13/2024","12/16/2024","MSFT","Microsoft
CUSIP: 594918104
Dividend Reinvestment","Buy","0.049142","$449.50","($22.09)"
"12/12/2024","12/12/2024","12/12/2024","MSFT","Cash Div: R/D 2024-11-21 P/D 2024-12-12 - 26.613177 shares at 0.83","CDIV","","","$22.09"
"12/11/2024","12/11/2024","12/11/2024","","Gold Subscription Fee","GOLD","","","($5.00)"
"12/3/2024","12/3/2024","12/4/2024","PFE","Pfizer
CUSIP: 717081103
Dividend Reinvestment","Buy","0.038001","$25.79","($0.98)"
"12/2/2024","12/2/2024","12/2/2024","PFE","Cash Div: R/D 2024-11-08 P/D 2024-12-02 - 2.336356 shares at 0.42","CDIV","","","$0.98"
"12/2/2024","12/2/2024","12/3/2024","SBUX","Starbucks
CUSIP: 855244109
Dividend Reinvestment","Buy","0.013083","$100.13","($1.31)"
"12/2/2024","12/2/2024","12/2/2024","","Gold Deposit Boost Payment","GDBP","","","$17.72"
"11/29/2024","11/29/2024","11/29/2024","SBUX","Cash Div: R/D 2024-11-15 P/D 2024-11-29 - 2.148608 shares at 0.61","CDIV","","","$1.31"
"11/29/2024","11/29/2024","11/29/2024","","Interest Payment","INT","","","$1.04"
"11/29/2024","11/29/2024","12/2/2024","RKLB","Rocket Lab USA
CUSIP: 773122106","Buy","96","$27.39","($2,629.44)"
"11/29/2024","11/29/2024","12/2/2024","RKLB","Rocket Lab USA
CUSIP: 773122106","Buy","14","$27.39","($383.46)"
"11/29/2024","11/29/2024","12/2/2024","","ACH Deposit","ACH","","","$3,000.00"
"11/29/2024","11/29/2024","12/2/2024","RDDT","Reddit
CUSIP: 75734B100","Buy","20","$141.20","($2,824.00)"
"11/29/2024","11/29/2024","12/2/2024","","ACH Deposit","ACH","","","$3,000.00"
"11/27/2024","11/27/2024","11/29/2024","LUNR","Intuitive Machines
CUSIP: 46125A100","Buy","35","$13.96","($488.43)"
"11/27/2024","11/27/2024","11/29/2024","TNYA","Tenaya Therapeutics
CUSIP: 87990A106","Buy","500","$3.03","($1,512.55)"
"11/27/2024","11/27/2024","11/29/2024","GOOGL","Alphabet Class A
CUSIP: 02079K305","Sell","11.84132","$168.90","$1,999.94"
"11/27/2024","11/27/2024","11/29/2024","TNYA","Tenaya Therapeutics
CUSIP: 87990A106","Buy","50","$3.04","($152.00)"
"11/27/2024","11/27/2024","11/29/2024","TNYA","Tenaya Therapeutics
CUSIP: 87990A106","Buy","200","$3.04","($608.00)"
"11/27/2024","11/27/2024","11/29/2024","RKLB","Rocket Lab USA
CUSIP: 773122106","Buy","50","$27.04","($1,352.25)"
"11/27/2024","11/27/2024","11/29/2024","TNYA","Tenaya Therapeutics
CUSIP: 87990A106","Buy","500","$3.65","($1,824.95)"
"11/27/2024","11/27/2024","11/29/2024","MSTR","Strategy Inc.
CUSIP: 594972408","Buy","3","$381.65","($1,144.95)"
"11/27/2024","11/27/2024","11/29/2024","","ACH Deposit","ACH","","","$5,000.00"
"11/18/2024","11/18/2024","11/19/2024","TNYA","Tenaya Therapeutics
CUSIP: 87990A106","Buy","334","$2.10","($701.40)"
"11/18/2024","11/18/2024","11/19/2024","TNYA","Tenaya Therapeutics
CUSIP: 87990A106","Buy","10","$2.10","($21.00)"
"11/18/2024","11/18/2024","11/19/2024","TNYA","Tenaya Therapeutics
CUSIP: 87990A106","Buy","156","$2.10","($327.58)"
"11/18/2024","11/18/2024","11/19/2024","","ACH Deposit","ACH","","","$1,000.00"
"11/15/2024","11/15/2024","11/18/2024","AAPL","Apple
CUSIP: 037833100
Dividend Reinvestment","Buy","0.009528","$224.59","($2.14)"
"11/14/2024","11/14/2024","11/14/2024","AAPL","Cash Div: R/D 2024-11-11 P/D 2024-11-14 - 8.551517 shares at 0.25","CDIV","","","$2.14"
"11/13/2024","11/13/2024","11/14/2024","LUNR","Intuitive Machines
CUSIP: 46125A100","Buy","108.997677","$11.93","($1,299.83)"
"11/13/2024","11/13/2024","11/14/2024","LUNR","Intuitive Machines
CUSIP: 46125A100","Buy","0.014675","$11.92","($0.17)"
"11/13/2024","11/13/2024","11/14/2024","","ACH Deposit","ACH","","","$1,000.00"
"11/11/2024","11/11/2024","11/11/2024","","Gold Subscription Fee","GOLD","","","($5.00)"
"11/5/2024","11/5/2024","11/5/2024","","Event Contracts Inter-Entity Cash Transfer","FUTSWP","","","($47.00)"
"11/1/2024","11/1/2024","11/4/2024","KO","Option Expiration for KO 11/1/2024 Put $64.00","OEXP","1S","",""
"11/1/2024","11/1/2024","11/4/2024","KO","Option Expiration for KO 11/1/2024 Call $74.00","OEXP","1S","",""
"11/1/2024","11/1/2024","11/4/2024","SPY","SPDR S&P 500 ETF
CUSIP: 78462F103
Dividend Reinvestment","Buy","0.086223","$575.02","($49.58)"
"11/1/2024","11/1/2024","11/4/2024","QQQ","Invesco QQQ
CUSIP: 46090E103
Dividend Reinvestment","Buy","0.005753","$490.18","($2.82)"
"11/1/2024","11/1/2024","11/1/2024","","Gold Deposit Boost Payment","GDBP","","","$16.48"
"10/31/2024","10/31/2024","10/31/2024","QQQ","Cash Div: R/D 2024-09-23 P/D 2024-10-31 - 4.16892 shares at 0.67686","CDIV","","","$2.82"
"10/31/2024","10/31/2024","10/31/2024","SPY","Cash Div: R/D 2024-09-20 P/D 2024-10-31 - 28.402966 shares at 1.745531","CDIV","","","$49.58"
"10/31/2024","10/31/2024","10/31/2024","","Interest Payment","INT","","","$6.76"
"10/23/2024","10/23/2024","10/24/2024","SPY","SPDR S&P 500 ETF
CUSIP: 78462F103","Buy","0.51667","$580.64","($300.00)"
"10/22/2024","10/22/2024","10/23/2024","KO","KO 11/1/2024 Call $74.00","BTO","1","$0.06","($6.03)"
"10/22/2024","10/22/2024","10/23/2024","KO","KO 11/1/2024 Put $64.00","BTO","1","$0.08","($8.03)"
"10/22/2024","10/22/2024","10/23/2024","","ACH Deposit","ACH","","","$800.00"
"10/22/2024","10/22/2024","10/23/2024","BLK","Blackrock, Inc.
CUSIP: 09290D101","Buy","0.999379","$995.11","($994.49)"
"10/22/2024","10/22/2024","10/23/2024","BLK","Blackrock, Inc.
CUSIP: 09290D101","Buy","0.005545","$994.48","($5.51)"
"10/22/2024","10/22/2024","10/23/2024","OKLO","Oklo
CUSIP: 02156V109","Buy","49","$19.83","($971.67)"
"10/22/2024","10/22/2024","10/23/2024","OKLO","Oklo
CUSIP: 02156V109","Buy","0.062027","$19.83","($1.23)"
"10/22/2024","10/22/2024","10/23/2024","OKLO","Oklo
CUSIP: 02156V109","Buy","1.365147","$19.86","($27.10)"
"10/22/2024","10/22/2024","10/23/2024","QQQ","Invesco QQQ
CUSIP: 46090E103","Buy","0.999918","$493.10","($493.06)"
"10/22/2024","10/22/2024","10/23/2024","QQQ","Invesco QQQ
CUSIP: 46090E103","Buy","0.014085","$493.06","($6.94)"
"10/22/2024","10/22/2024","10/23/2024","PLTR","Palantir Technologies
CUSIP: 69608A108","Buy","11.634671","$42.97","($499.94)"
"10/22/2024","10/22/2024","10/23/2024","PLTR","Palantir Technologies
CUSIP: 69608A108","Buy","0.001396","$42.97","($0.06)"
"10/21/2024","10/21/2024","10/22/2024","TSLA","Tesla
CUSIP: 88160R101","Sell","6","$217.76","$1,306.52"
"10/21/2024","10/21/2024","10/22/2024","TSLA","Tesla
CUSIP: 88160R101","Sell","0.047118","$217.76","$10.26"
"10/18/2024","10/18/2024","10/21/2024","OKLO","Oklo
CUSIP: 02156V109","Sell","41.80602","$18.78","$784.88"
"10/18/2024","10/18/2024","10/21/2024","RDDT","Reddit
CUSIP: 75734B100","Buy","6.5223","$76.66","($500.00)"
"10/17/2024","10/17/2024","10/18/2024","GOOGL","Alphabet Class A
CUSIP: 02079K305","Buy","3.04636","$164.13","($500.00)"
"10/17/2024","10/17/2024","10/18/2024","PLTR","Palantir Technologies
CUSIP: 69608A108","Buy","10","$41.94","($419.38)"
"10/17/2024","10/17/2024","10/18/2024","","ACH Deposit","ACH","","","$800.00"
"10/17/2024","10/17/2024","10/18/2024","CCJ","Cameco
CUSIP: 13321L108","Buy","8.946944","$55.88","($500.00)"
"10/17/2024","10/17/2024","10/18/2024","F","Ford Motor
CUSIP: 345370860","Sell","68.81245","$11.05","$760.34"
"10/15/2024","10/15/2024","10/16/2024","","ACH Deposit","ACH","","","$1,000.00"
"10/15/2024","10/15/2024","10/16/2024","VST","Vistra
CUSIP: 92840M102","Buy","3.85499","$129.70","($500.00)"
"10/15/2024","10/15/2024","10/16/2024","OKLO","Oklo
CUSIP: 02156V109","Buy","41.80602","$11.96","($500.00)"
"10/15/2024","10/15/2024","10/16/2024","SMR","NuScale Power
CUSIP: 67079K100","Buy","35.617609","$14.04","($500.00)"
"10/15/2024","10/15/2024","10/16/2024","MSFT","Microsoft
CUSIP: 594918104","Buy","2.39658","$417.26","($1,000.00)"
"10/15/2024","10/15/2024","10/16/2024","","ACH Deposit","ACH","","","$1,000.00"
"10/15/2024","10/15/2024","10/16/2024","VOO","Vanguard S&P 500 ETF
CUSIP: 922908363","Buy","1.8687","$535.13","($1,000.00)"
"10/14/2024","10/14/2024","10/14/2024","","Gold Subscription Fee","GOLD","","","($5.00)"
"10/11/2024","10/11/2024","10/11/2024","SCHD","Schwab US Dividend Equity ETF
CUSIP: 808524797","SPL","48.1464","",""
"10/9/2024","10/9/2024","10/10/2024","CRM","Salesforce
CUSIP: 79466L302
Dividend Reinvestment","Buy","0.00692","$289.00","($2.00)"
"10/8/2024","10/8/2024","10/8/2024","CRM","Cash Div: R/D 2024-09-18 P/D 2024-10-08 - 5.007578 shares at 0.4","CDIV","","","$2.00"
"10/4/2024","10/4/2024","10/7/2024","NVDA","NVIDIA
CUSIP: 67066G104
Dividend Reinvestment","Buy","0.00798","$122.80","($0.98)"
"10/4/2024","10/4/2024","10/7/2024","TQQQ","ProShares UltraPro QQQ
CUSIP: 74347X831","Sell","13.66122","$72.13","$985.35"
"10/3/2024","10/3/2024","10/3/2024","NVDA","Cash Div: R/D 2024-09-12 P/D 2024-10-03 - 98.26955 shares at 0.01","CDIV","","","$0.98"
"10/2/2024","10/2/2024","10/3/2024","VOO","Vanguard S&P 500 ETF
CUSIP: 922908363
Dividend Reinvestment","Buy","0.058701","$522.47","($30.67)"
"10/2/2024","10/2/2024","10/3/2024","NKE","Nike
CUSIP: 654106103
Dividend Reinvestment","Buy","0.009281","$82.96","($0.77)"
"10/2/2024","10/2/2024","10/3/2024","KO","Coca-Cola
CUSIP: 191216100
Dividend Reinvestment","Buy","0.102883","$70.76","($7.28)"
"10/2/2024","10/2/2024","10/2/2024","BLK","Blackrock, Inc.
CUSIP: 09290D101","SXCH","6.3577","",""
"10/2/2024","10/2/2024","10/2/2024","BLK","BlackRock
CUSIP: 09247X101","SXCH","6.3577S","",""
"10/1/2024","10/1/2024","10/1/2024","KO","Cash Div: R/D 2024-09-13 P/D 2024-10-01 - 15 shares at 0.485","CDIV","","","$7.28"
"10/1/2024","10/1/2024","10/1/2024","VOO","Cash Div: R/D 2024-09-27 P/D 2024-10-01 - 18.716342 shares at 1.6386","CDIV","","","$30.67"
"10/1/2024","10/1/2024","10/1/2024","NKE","Cash Div: R/D 2024-09-03 P/D 2024-10-01 - 2.076065 shares at 0.37","CDIV","","","$0.77"
"10/1/2024","10/1/2024","10/2/2024","MSFT","Microsoft
CUSIP: 594918104","Buy","2.38208","$419.80","($1,000.00)"
"10/1/2024","10/1/2024","10/2/2024","SPY","SPDR S&P 500 ETF
CUSIP: 78462F103","Buy","2.6469","$566.70","($1,500.00)"
"10/1/2024","10/1/2024","10/1/2024","","Gold Deposit Boost Payment","GDBP","","","$0.49"
"10/1/2024","10/1/2024","10/2/2024","SPY","SPDR S&P 500 ETF
CUSIP: 78462F103","Buy","1.64084","$568.00","($932.00)"
"10/1/2024","10/1/2024","10/2/2024","SPY","SPDR S&P 500 ETF
CUSIP: 78462F103","Buy","1","$568.00","($568.00)"
"10/1/2024","10/1/2024","10/2/2024","SCHD","Schwab US Dividend Equity ETF
CUSIP: 808524797
Dividend Reinvestment","Buy","0.21398","$84.12","($18.00)"
"10/1/2024","10/1/2024","10/1/2024","","Gold Deposit Boost Payment","GDBP","","","$11.63"
"9/30/2024","9/30/2024","9/30/2024","SCHD","Cash Div: R/D 2024-09-25 P/D 2024-09-30 - 23.85923 shares at 0.7545","CDIV","","","$18.00"
"9/30/2024","9/30/2024","9/30/2024","","Interest Payment","INT","","","$34.64"
"9/27/2024","9/27/2024","9/30/2024","VOO","Vanguard S&P 500 ETF
CUSIP: 922908363","Buy","1.897173","$527.10","($1,000.00)"
"9/26/2024","9/26/2024","9/27/2024","TQQQ","ProShares UltraPro QQQ
CUSIP: 74347X831","Buy","13.66122","$73.20","($1,000.00)"
"9/26/2024","9/26/2024","9/27/2024","QQQ","Invesco QQQ
CUSIP: 46090E103","Buy","3.07736","$487.43","($1,500.00)"
"9/25/2024","9/25/2024","9/26/2024","TQQQ","ProShares UltraPro QQQ
CUSIP: 74347X831","Sell","2.804262","$72.11","$202.22"
"9/25/2024","9/25/2024","9/26/2024","PLTR","Palantir Technologies
CUSIP: 69608A108","Buy","27.40101","$36.50","($1,000.00)"
"9/25/2024","9/25/2024","9/26/2024","NVDA","NVIDIA
CUSIP: 67066G104","Buy","16.10305","$124.20","($2,000.00)"
"9/25/2024","9/25/2024","9/26/2024","VOO","Vanguard S&P 500 ETF
CUSIP: 922908363","Buy","3.79719","$526.70","($2,000.00)"
"9/25/2024","9/25/2024","9/26/2024","","ACH Deposit","ACH","","","$7,000.00"
"9/25/2024","9/25/2024","9/26/2024","TQQQ","ProShares UltraPro QQQ
CUSIP: 74347X831","Buy","2.804262","$71.32","($200.00)"
"9/24/2024","9/24/2024","9/25/2024","TQQQ","ProShares UltraPro QQQ
CUSIP: 74347X831","Sell","2.79174","$71.83","$200.53"
"9/24/2024","9/24/2024","9/25/2024","TQQQ","ProShares UltraPro QQQ
CUSIP: 74347X831","Buy","2.79174","$71.64","($200.00)"
"9/24/2024","9/24/2024","9/25/2024","BLK","BlackRock
CUSIP: 09247X101
Dividend Reinvestment","Buy","0.034508","$934.55","($32.25)"
"9/24/2024","9/24/2024","9/25/2024","ME","23andMe
CUSIP: 90138Q108","Sell","2721","$0.35","$945.61"
"9/24/2024","9/24/2024","9/25/2024","LUNR","Intuitive Machines
CUSIP: 46125A100","Buy","122","$8.16","($994.91)"
"9/24/2024","9/24/2024","9/25/2024","LUNR","Intuitive Machines
CUSIP: 46125A100","Buy","0.624156","$8.16","($5.09)"
"9/23/2024","9/23/2024","9/23/2024","BLK","Cash Div: R/D 2024-09-09 P/D 2024-09-23 - 6.323144 shares at 5.1","CDIV","","","$32.25"
"9/20/2024","9/20/2024","9/23/2024","","ACH Deposit","ACH","","","$2,000.00"
"9/20/2024","9/20/2024","9/23/2024","QQQ","Invesco QQQ
CUSIP: 46090E103","Buy","4.16892","$479.74","($2,000.00)"
"9/18/2024","9/18/2024","9/19/2024","ME","23andMe
CUSIP: 90138Q108","Buy","2721","$0.35","($952.35)"
"9/17/2024","9/17/2024","9/18/2024","GOOGL","Alphabet Class A
CUSIP: 02079K305
Dividend Reinvestment","Buy","0.031538","$159.49","($5.03)"
"9/16/2024","9/16/2024","9/16/2024","GOOGL","Cash Div: R/D 2024-09-09 P/D 2024-09-16 - 25.169026 shares at 0.2","CDIV","","","$5.03"
"9/16/2024","9/16/2024","9/17/2024","SCHD","Schwab US Dividend Equity ETF
CUSIP: 808524797","Buy","23.85923","$83.82","($2,000.00)"
"9/16/2024","9/16/2024","9/17/2024","SPY","SPDR S&P 500 ETF
CUSIP: 78462F103","Buy","1.78256","$560.99","($1,000.00)"
"9/16/2024","9/16/2024","9/17/2024","","ACH Deposit","ACH","","","$3,000.00"
"9/13/2024","9/13/2024","9/16/2024","MSFT","Microsoft
CUSIP: 594918104
Dividend Reinvestment","Buy","0.038263","$427.30","($16.35)"
"9/12/2024","9/12/2024","9/12/2024","MSFT","Cash Div: R/D 2024-08-15 P/D 2024-09-12 - 21.796254 shares at 0.75","CDIV","","","$16.35"
"9/12/2024","9/12/2024","9/12/2024","","Gold Subscription Fee","GOLD","","","($5.00)"
"9/6/2024","9/6/2024","9/9/2024","NVDA","NVIDIA
CUSIP: 67066G104","Buy","9.81546","$101.88","($1,000.00)"
"9/6/2024","9/6/2024","9/9/2024","VOO","Vanguard S&P 500 ETF
CUSIP: 922908363","Buy","4.02309","$497.13","($2,000.00)"
"9/4/2024","9/4/2024","9/5/2024","PFE","Pfizer
CUSIP: 717081103
Dividend Reinvestment","Buy","0.034299","$28.28","($0.97)"
"9/4/2024","9/4/2024","9/5/2024","F","Ford Motor
CUSIP: 345370860
Dividend Reinvestment","Buy","0.918772","$11.08","($10.18)"
"9/3/2024","9/3/2024","9/3/2024","F","Cash Div: R/D 2024-08-07 P/D 2024-09-03 - 67.893678 shares at 0.15","CDIV","","","$10.18"
"9/3/2024","9/3/2024","9/3/2024","PFE","Cash Div: R/D 2024-07-26 P/D 2024-09-03 - 2.302057 shares at 0.42","CDIV","","","$0.97"
"9/3/2024","9/3/2024","9/4/2024","","ACH Deposit","ACH","","","$2,000.00"
"9/3/2024","9/3/2024","9/4/2024","VOO","Vanguard S&P 500 ETF
CUSIP: 922908363","Buy","3.932985","$508.52","($2,000.00)"
"9/3/2024","9/3/2024","9/4/2024","SBUX","Starbucks
CUSIP: 855244109
Dividend Reinvestment","Buy","0.013005","$93.81","($1.22)"
"9/3/2024","9/3/2024","9/3/2024","","Gold Deposit Boost Payment","GDBP","","","$6.89"
"8/30/2024","8/30/2024","8/30/2024","SBUX","Cash Div: R/D 2024-08-16 P/D 2024-08-30 - 2.135603 shares at 0.57","CDIV","","","$1.22"
"8/30/2024","8/30/2024","8/30/2024","","Interest Payment","INT","","","$27.84"
"8/29/2024","8/29/2024","8/30/2024","","ACH Deposit","ACH","","","$3,000.00"
"8/22/2024","8/22/2024","8/23/2024","SPY","SPDR S&P 500 ETF
CUSIP: 78462F103","Buy","0.899968","$555.58","($500.00)"
"8/22/2024","8/22/2024","8/23/2024","SPY","SPDR S&P 500 ETF
CUSIP: 78462F103","Buy","0.89641","$557.78","($500.00)"
"8/22/2024","8/22/2024","8/23/2024","RKLB","Rocket Lab USA
CUSIP: 773122106","Buy","214.745884","$6.98","($1,499.57)"
"8/22/2024","8/22/2024","8/23/2024","RKLB","Rocket Lab USA
CUSIP: 773122106","Buy","0.061578","$6.98","($0.43)"
"8/19/2024","8/19/2024","8/20/2024","","ACH Deposit","ACH","","","$6,000.00"
"8/19/2024","8/19/2024","8/20/2024","","ACH Deposit","ACH","","","$1,000.00"
"8/16/2024","8/16/2024","8/19/2024","AAPL","Apple
CUSIP: 037833100
Dividend Reinvestment","Buy","0.009528","$224.58","($2.14)"
"8/15/2024","8/15/2024","8/15/2024","AAPL","Cash Div: R/D 2024-08-12 P/D 2024-08-15 - 8.541989 shares at 0.25","CDIV","","","$2.14"
"8/13/2024","8/13/2024","8/13/2024","","Gold Subscription Fee","GOLD","","","($5.00)"
"8/7/2024","8/7/2024","8/8/2024","SPY","SPDR S&P 500 ETF
CUSIP: 78462F103","Buy","1.91127","$523.21","($1,000.00)"
"8/1/2024","8/1/2024","8/2/2024","SPY","SPDR S&P 500 ETF
CUSIP: 78462F103
Dividend Reinvestment","Buy","0.058593","$549.21","($32.18)"
"8/1/2024","8/1/2024","8/1/2024","","Gold Deposit Boost Payment","GDBP","","","$2.87"
"7/31/2024","7/31/2024","7/31/2024","SPY","Cash Div: R/D 2024-06-21 P/D 2024-07-31 - 18.29339 shares at 1.759024","CDIV","","","$32.18"
"7/31/2024","7/31/2024","7/31/2024","","Interest Payment","INT","","","$13.06"
"7/26/2024","7/26/2024","7/29/2024","CRM","Salesforce
CUSIP: 79466L302
Dividend Reinvestment","Buy","0.007578","$263.91","($2.00)"
"7/25/2024","7/25/2024","7/25/2024","CRM","Cash Div: R/D 2024-07-09 P/D 2024-07-25 - 5 shares at 0.4","CDIV","","","$2.00"
"7/25/2024","7/25/2024","7/26/2024","SPY","SPDR S&P 500 ETF
CUSIP: 78462F103","Buy","1.85084","$540.30","($1,000.00)"
"7/24/2024","7/24/2024","7/25/2024","NVDA","NVIDIA
CUSIP: 67066G104","Buy","8.705106","$114.88","($1,000.00)"
"7/24/2024","7/24/2024","7/25/2024","KO","Coca-Cola
CUSIP: 191216100","Buy","5","$65.88","($329.38)"
"7/24/2024","7/24/2024","7/25/2024","NVDA","NVIDIA
CUSIP: 67066G104","Buy","4","$114.75","($459.00)"
"7/24/2024","7/24/2024","7/25/2024","SPY","SPDR S&P 500 ETF
CUSIP: 78462F103","Buy","0.922425","$542.05","($500.00)"
"7/18/2024","7/18/2024","7/19/2024","MSFT","Microsoft
CUSIP: 594918104","Buy","4.5557","$439.01","($2,000.00)"
"7/18/2024","7/18/2024","7/19/2024","","ACH Deposit","ACH","","","$10,000.00"
"7/18/2024","7/18/2024","7/19/2024","SPY","SPDR S&P 500 ETF
CUSIP: 78462F103","Buy","1.78751","$559.44","($1,000.00)"
"7/17/2024","7/17/2024","7/18/2024","","ACH Deposit","ACH","","","$1,000.00"
"7/16/2024","7/16/2024","7/17/2024","NVDA","NVIDIA
CUSIP: 67066G104","Buy","2.58679","$125.66","($325.07)"
"7/15/2024","7/15/2024","7/15/2024","","Gold Subscription Fee","GOLD","","","($5.00)"
"7/11/2024","7/11/2024","7/12/2024","KO","Coca-Cola
CUSIP: 191216100","Buy","10","$63.14","($631.35)"
"7/11/2024","7/11/2024","7/12/2024","PLTR","Palantir Technologies
CUSIP: 69608A108","Buy","40","$27.27","($1,090.67)"
"7/9/2024","7/9/2024","7/10/2024","","ACH Deposit","ACH","","","$2,000.00"
"7/3/2024","7/3/2024","7/5/2024","VOO","Vanguard S&P 500 ETF
CUSIP: 922908363
Dividend Reinvestment","Buy","0.024497","$504.94","($12.37)"
"7/2/2024","7/2/2024","7/2/2024","VOO","Cash Div: R/D 2024-06-28 P/D 2024-07-02 - 6.93858 shares at 1.7835","CDIV","","","$12.37"
"7/2/2024","7/2/2024","7/3/2024","NKE","Nike
CUSIP: 654106103
Dividend Reinvestment","Buy","0.010046","$75.65","($0.76)"
"7/1/2024","7/1/2024","7/1/2024","NKE","Cash Div: R/D 2024-06-03 P/D 2024-07-01 - 2.066019 shares at 0.37","CDIV","","","$0.76"
"7/1/2024","7/1/2024","7/2/2024","NVDA","NVIDIA
CUSIP: 67066G104
Dividend Reinvestment","Buy","0.005744","$121.85","($0.70)"
"7/1/2024","7/1/2024","7/1/2024","","Gold Deposit Boost Payment","GDBP","","","$0.15"
"6/28/2024","6/28/2024","6/28/2024","","Interest Payment","INT","","","$2.62"
"6/28/2024","6/28/2024","6/28/2024","NVDA","Cash Div: R/D 2024-06-11 P/D 2024-06-28 - 70.10547 shares at 0.01","CDIV","","","$0.70"
"6/25/2024","6/25/2024","6/26/2024","BLK","BlackRock
CUSIP: 09247X101
Dividend Reinvestment","Buy","0.037195","$793.37","($29.51)"
"6/24/2024","6/24/2024","6/24/2024","BLK","Cash Div: R/D 2024-06-07 P/D 2024-06-24 - 5.785949 shares at 5.1","CDIV","","","$29.51"
"6/18/2024","6/18/2024","6/20/2024","GOOGL","Alphabet Class A
CUSIP: 02079K305
Dividend Reinvestment","Buy","0.028501","$176.48","($5.03)"
"6/17/2024","6/17/2024","6/17/2024","GOOGL","Cash Div: R/D 2024-06-10 P/D 2024-06-17 - 25.140525 shares at 0.2","CDIV","","","$5.03"
"6/17/2024","6/17/2024","6/18/2024","ASTS","AST SpaceMobile
CUSIP: 00217D100","Buy","75","$11.58","($868.46)"
"6/17/2024","6/17/2024","6/18/2024","SPY","SPDR S&P 500 ETF
CUSIP: 78462F103","Buy","1","$543.80","($543.81)"
"6/17/2024","6/17/2024","6/18/2024","NVDA","NVIDIA
CUSIP: 67066G104","Buy","3.05098","$131.10","($400.00)"
"6/17/2024","6/17/2024","6/18/2024","","ACH Deposit","ACH","","","$800.00"
"6/17/2024","6/17/2024","6/18/2024","PFE","Pfizer
CUSIP: 717081103
Dividend Reinvestment","Buy","0.034875","$27.24","($0.95)"
"6/14/2024","6/14/2024","6/14/2024","PFE","Cash Div: R/D 2024-05-10 P/D 2024-06-14 - 2.267182 shares at 0.42","CDIV","","","$0.95"
"6/14/2024","6/14/2024","6/17/2024","MSFT","Microsoft
CUSIP: 594918104
Dividend Reinvestment","Buy","0.027222","$441.18","($12.01)"
"6/14/2024","6/14/2024","6/14/2024","","Gold Subscription Fee","GOLD","","","($5.00)"
"6/13/2024","6/13/2024","6/13/2024","MSFT","Cash Div: R/D 2024-05-16 P/D 2024-06-13 - 16.007792 shares at 0.75","CDIV","","","$12.01"
"6/11/2024","6/11/2024","6/12/2024","VOO","Vanguard S&P 500 ETF
CUSIP: 922908363","Buy","2","$492.94","($985.88)"
"6/10/2024","6/10/2024","6/10/2024","NVDA","NVIDIA
CUSIP: 67066G104","SPL","63.0949","",""
"6/7/2024","6/7/2024","6/10/2024","","ACH Deposit","ACH","","","$1,500.00"
"6/7/2024","6/7/2024","6/10/2024","BLK","BlackRock
CUSIP: 09247X101","Buy","0.5","$771.99","($386.00)"
"6/4/2024","6/4/2024","6/5/2024","F","Ford Motor
CUSIP: 345370860
Dividend Reinvestment","Buy","0.830033","$12.12","($10.06)"
"6/3/2024","6/3/2024","6/3/2024","F","Cash Div: R/D 2024-05-08 P/D 2024-06-03 - 67.063645 shares at 0.15","CDIV","","","$10.06"
"6/3/2024","6/3/2024","6/4/2024","SBUX","Starbucks
CUSIP: 855244109
Dividend Reinvestment","Buy","0.014912","$81.14","($1.21)"
"5/31/2024","5/31/2024","5/31/2024","","Interest Payment","INT","","","$21.48"
"5/31/2024","5/31/2024","5/31/2024","SBUX","Cash Div: R/D 2024-05-17 P/D 2024-05-31 - 2.120691 shares at 0.57","CDIV","","","$1.21"
"5/30/2024","5/30/2024","5/31/2024","CRM","Salesforce
CUSIP: 79466L302","Buy","5","$217.76","($1,088.78)"
"5/30/2024","5/30/2024","5/31/2024","NVDA","NVIDIA
CUSIP: 67066G104","Buy","0.451878","$1,106.49","($500.00)"
"5/30/2024","5/30/2024","5/31/2024","VOO","Vanguard S&P 500 ETF
CUSIP: 922908363","Buy","1","$480.29","($480.29)"
"5/30/2024","5/30/2024","5/31/2024","VOO","Vanguard S&P 500 ETF
CUSIP: 922908363","Buy","0.00002","$480.29","($0.01)"
"5/30/2024","5/30/2024","5/31/2024","VOO","Vanguard S&P 500 ETF
CUSIP: 922908363","Buy","0.041016","$480.30","($19.70)"
"5/30/2024","5/30/2024","5/31/2024","BLK","BlackRock
CUSIP: 09247X101","Buy","0.657371","$760.60","($500.00)"
"5/30/2024","5/30/2024","5/31/2024","MSFT","Microsoft
CUSIP: 594918104","Buy","0.999951","$414.76","($414.74)"
"5/30/2024","5/30/2024","5/31/2024","MSFT","Microsoft
CUSIP: 594918104","Buy","0.205589","$414.74","($85.26)"
"5/29/2024","5/29/2024","5/30/2024","SPY","SPDR S&P 500 ETF
CUSIP: 78462F103","Buy","1.897875","$526.90","($1,000.00)"
"5/28/2024","5/28/2024","5/29/2024","NVDA","NVIDIA
CUSIP: 67066G104","Buy","2.737226","$1,096.00","($3,000.00)"
"5/28/2024","5/28/2024","5/29/2024","SPY","SPDR S&P 500 ETF
CUSIP: 78462F103","Buy","1.886223","$530.16","($1,000.00)"
"5/17/2024","5/17/2024","5/21/2024","SPY","SPDR S&P 500 ETF
CUSIP: 78462F103","Buy","0.756694","$528.62","($400.00)"
"5/17/2024","5/17/2024","5/21/2024","NVDA","NVIDIA
CUSIP: 67066G104","Buy","0.428377","$933.76","($400.00)"
"5/17/2024","5/17/2024","5/20/2024","","ACH Deposit","ACH","","","$800.00"
"5/17/2024","5/17/2024","5/21/2024","AAPL","Apple
CUSIP: 037833100
Dividend Reinvestment","Buy","0.011199","$190.19","($2.13)"
"5/16/2024","5/16/2024","5/16/2024","AAPL","Cash Div: R/D 2024-05-13 P/D 2024-05-16 - 8.53079 shares at 0.25","CDIV","","","$2.13"
"5/15/2024","5/15/2024","5/15/2024","","Gold Subscription Fee","GOLD","","","($5.00)"
"5/13/2024","5/13/2024","5/14/2024","","ACH Deposit","ACH","","","$10,000.00"
"5/1/2024","5/1/2024","5/3/2024","SPY","SPDR S&P 500 ETF
CUSIP: 78462F103
Dividend Reinvestment","Buy","0.033109","$500.77","($16.58)"
"4/30/2024","4/30/2024","4/30/2024","","Interest Payment","INT","","","$0.28"
"4/30/2024","4/30/2024","4/30/2024","SPY","Cash Div: R/D 2024-03-18 P/D 2024-04-30 - 10.397445 shares at 1.594937","CDIV","","","$16.58"
"4/17/2024","4/17/2024","4/18/2024","","ACH Deposit","ACH","","","$1,000.00"
"4/17/2024","4/17/2024","4/19/2024","MSFT","Microsoft
CUSIP: 594918104","Buy","1.425661","$417.35","($595.00)"
"4/17/2024","4/17/2024","4/19/2024","SPY","SPDR S&P 500 ETF
CUSIP: 78462F103","Buy","0.791906","$505.11","($400.00)"
"4/17/2024","4/17/2024","4/19/2024","NVDA","NVIDIA
CUSIP: 67066G104","Buy","0.909426","$879.68","($800.00)"
"4/17/2024","4/17/2024","4/18/2024","","ACH Deposit","ACH","","","$1,800.00"
"4/15/2024","4/15/2024","4/15/2024","","Gold Subscription Fee","GOLD","","","($5.00)"
"4/2/2024","4/2/2024","4/4/2024","NKE","Nike
CUSIP: 654106103
Dividend Reinvestment","Buy","0.008304","$91.52","($0.76)"
"4/1/2024","4/1/2024","4/1/2024","NKE","Cash Div: R/D 2024-03-04 P/D 2024-04-01 - 2.057715 shares at 0.37","CDIV","","","$0.76"
"3/28/2024","3/28/2024","3/28/2024","","Interest Payment","INT","","","$0.32"
"3/28/2024","3/28/2024","4/2/2024","VOO","Vanguard S&P 500 ETF
CUSIP: 922908363
Dividend Reinvestment","Buy","0.012456","$480.87","($5.99)"
"3/28/2024","3/28/2024","4/2/2024","NVDA","NVIDIA
CUSIP: 67066G104
Dividend Reinvestment","Buy","0.000077","$906.60","($0.07)"
"3/28/2024","3/28/2024","4/2/2024","SPY","SPDR S&P 500 ETF
CUSIP: 78462F103","Buy","1.530119","$522.83","($799.99)"
"3/28/2024","3/28/2024","4/2/2024","SPY","SPDR S&P 500 ETF
CUSIP: 78462F103","Buy","0.000019","$522.83","($0.01)"
"3/27/2024","3/27/2024","3/27/2024","NVDA","Cash Div: R/D 2024-03-06 P/D 2024-03-27 - 1.696143 shares at 0.04","CDIV","","","$0.07"
"3/27/2024","3/27/2024","3/27/2024","VOO","Cash Div: R/D 2024-03-25 P/D 2024-03-27 - 3.885088 shares at 1.5429","CDIV","","","$5.99"
"3/25/2024","3/25/2024","3/27/2024","BLK","BlackRock
CUSIP: 09247X101
Dividend Reinvestment","Buy","0.027702","$824.48","($22.84)"
"3/25/2024","3/25/2024","3/27/2024","NVDA","NVIDIA
CUSIP: 67066G104","Buy","0.221049","$940.00","($207.79)"
"3/25/2024","3/25/2024","3/27/2024","NVDA","NVIDIA
CUSIP: 67066G104","Buy","0.000223","$940.00","($0.21)"
"3/25/2024","3/25/2024","3/26/2024","","ACH Deposit","ACH","","","$1,000.00"
"3/25/2024","3/25/2024","3/26/2024","","ACH Deposit","ACH","","","$800.00"
"3/22/2024","3/22/2024","3/22/2024","BLK","Cash Div: R/D 2024-03-07 P/D 2024-03-22 - 4.477637 shares at 5.1","CDIV","","","$22.84"
"3/18/2024","3/18/2024","3/20/2024","VOO","Vanguard S&P 500 ETF
CUSIP: 922908363","Buy","1","$474.12","($474.13)"
"3/18/2024","3/18/2024","3/20/2024","VOO","Vanguard S&P 500 ETF
CUSIP: 922908363","Buy","0.054869","$474.12","($26.01)"
"3/18/2024","3/18/2024","3/20/2024","BLK","BlackRock
CUSIP: 09247X101","Buy","0.623239","$802.26","($500.00)"
"3/18/2024","3/18/2024","3/20/2024","MSFT","Microsoft
CUSIP: 594918104","Buy","1","$418.68","($418.68)"
"3/18/2024","3/18/2024","3/20/2024","MSFT","Microsoft
CUSIP: 594918104","Buy","0.194229","$418.68","($81.32)"
"3/18/2024","3/18/2024","3/20/2024","NVDA","NVIDIA
CUSIP: 67066G104","Buy","0.566148","$883.16","($500.00)"
"3/18/2024","3/18/2024","3/19/2024","","ACH Deposit","ACH","","","$2,000.00"
"3/15/2024","3/15/2024","3/19/2024","VOO","Vanguard S&P 500 ETF
CUSIP: 922908363","Buy","1.06458","$469.66","($500.00)"
"3/15/2024","3/15/2024","3/19/2024","MSFT","Microsoft
CUSIP: 594918104","Buy","1","$414.19","($414.19)"
"3/15/2024","3/15/2024","3/19/2024","MSFT","Microsoft
CUSIP: 594918104","Buy","0.207175","$414.19","($85.81)"
"3/15/2024","3/15/2024","3/18/2024","","ACH Deposit","ACH","","","$1,000.00"
"3/15/2024","3/15/2024","3/19/2024","MSFT","Microsoft
CUSIP: 594918104
Dividend Reinvestment","Buy","0.02185","$417.39","($9.12)"
"3/14/2024","3/14/2024","3/14/2024","MSFT","Cash Div: R/D 2024-02-15 P/D 2024-03-14 - 12.158877 shares at 0.75","CDIV","","","$9.12"
"3/4/2024","3/4/2024","3/6/2024","PFE","Pfizer
CUSIP: 717081103
Dividend Reinvestment","Buy","0.036279","$25.91","($0.94)"
"3/4/2024","3/4/2024","3/6/2024","F","Ford Motor
CUSIP: 345370860
Dividend Reinvestment","Buy","0.911696","$12.91","($11.77)"
"3/4/2024","3/4/2024","3/6/2024","F","Ford Motor
CUSIP: 345370860
Dividend Reinvestment","Buy","0.761055","$12.89","($9.81)"
"3/1/2024","3/1/2024","3/1/2024","F","Cash Div: R/D 2024-02-16 P/D 2024-03-01 - 65.390894 shares at 0.15","CDIV","","","$9.81"
"3/1/2024","3/1/2024","3/1/2024","PFE","Cash Div: R/D 2024-01-26 P/D 2024-03-01 - 2.230903 shares at 0.42","CDIV","","","$0.94"
"3/1/2024","3/1/2024","3/1/2024","F","Cash Div: R/D 2024-02-16 P/D 2024-03-01 - 65.390894 shares at 0.18","CDIV","","","$11.77"
"2/29/2024","2/29/2024","2/29/2024","","Interest Payment","INT","","","$0.14"
"2/26/2024","2/26/2024","2/28/2024","SPY","SPDR S&P 500 ETF
CUSIP: 78462F103","Buy","0.987057","$507.23","($500.67)"
"2/26/2024","2/26/2024","2/28/2024","NVDA","NVIDIA
CUSIP: 67066G104","Buy","0.624137","$801.10","($500.00)"
"2/26/2024","2/26/2024","2/27/2024","","ACH Deposit","ACH","","","$1,000.00"
"2/26/2024","2/26/2024","2/28/2024","SBUX","Starbucks
CUSIP: 855244109
Dividend Reinvestment","Buy","0.012639","$94.94","($1.20)"
"2/23/2024","2/23/2024","2/23/2024","SBUX","Cash Div: R/D 2024-02-09 P/D 2024-02-23 - 2.108052 shares at 0.57","CDIV","","","$1.20"
"2/16/2024","2/16/2024","2/21/2024","AAPL","Apple
CUSIP: 037833100
Dividend Reinvestment","Buy","0.011178","$182.49","($2.04)"
"2/15/2024","2/15/2024","2/15/2024","AAPL","Cash Div: R/D 2024-02-12 P/D 2024-02-15 - 8.519612 shares at 0.24","CDIV","","","$2.04"
"2/2/2024","2/2/2024","2/5/2024","","ACH Deposit","ACH","","","$5.00"
"2/2/2024","2/2/2024","2/2/2024","","Gold Subscription Fee","GOLD","","","($5.00)"
"1/31/2024","1/31/2024","1/31/2024","","Interest Payment","INT","","","$0.67"
"1/17/2024","1/17/2024","1/19/2024","SPY","SPDR S&P 500 ETF
CUSIP: 78462F103","Buy","0.847466","$472.00","($400.00)"
"1/17/2024","1/17/2024","1/19/2024","RIVN","Rivian Automotive
CUSIP: 76954A103","Buy","22.993563","$17.09","($392.96)"
"1/17/2024","1/17/2024","1/19/2024","RIVN","Rivian Automotive
CUSIP: 76954A103","Buy","0.41235","$17.08","($7.04)"
"1/17/2024","1/17/2024","1/18/2024","","ACH Deposit","ACH","","","$800.00"
"1/8/2024","1/8/2024","1/10/2024","SPY","SPDR S&P 500 ETF
CUSIP: 78462F103","Buy","0.062683","$474.12","($29.72)"
"1/8/2024","1/8/2024","1/9/2024","","ACH Deposit","ACH","","","$3,000.00"
"1/8/2024","1/8/2024","1/9/2024","","ACH Deposit","ACH","","","$1,000.00"
"1/8/2024","1/8/2024","1/10/2024","SPY","SPDR S&P 500 ETF
CUSIP: 78462F103","Buy","8.500239","$470.58","($4,000.00)"
"1/8/2024","1/8/2024","1/9/2024","","ACH Deposit","ACH","","","$4,000.00"
"1/3/2024","1/3/2024","1/5/2024","NKE","Nike
CUSIP: 654106103
Dividend Reinvestment","Buy","0.007272","$104.50","($0.76)"
"1/2/2024","1/2/2024","1/2/2024","NKE","Cash Div: R/D 2023-12-04 P/D 2024-01-02 - 2.050443 shares at 0.37","CDIV","","","$0.76"
"12/27/2023","12/27/2023","12/29/2023","VOO","Vanguard S&P 500 ETF
CUSIP: 922908363
Dividend Reinvestment","Buy","0.007251","$437.15","($3.17)"
"12/26/2023","12/26/2023","12/26/2023","VOO","Cash Div: R/D 2023-12-21 P/D 2023-12-26 - 1.758388 shares at 1.8011","CDIV","","","$3.17"
"12/26/2023","12/26/2023","12/28/2023","BLK","BlackRock
CUSIP: 09247X101
Dividend Reinvestment","Buy","0.018333","$807.27","($14.80)"
"12/22/2023","12/22/2023","12/22/2023","BLK","Cash Div: R/D 2023-12-07 P/D 2023-12-22 - 2.960188 shares at 5","CDIV","","","$14.80"
"12/18/2023","12/18/2023","12/20/2023","BLK","BlackRock
CUSIP: 09247X101","Buy","0.500113","$799.82","($400.00)"
"12/18/2023","12/18/2023","12/20/2023","AAPL","Apple
CUSIP: 037833100","Buy","2","$194.90","($389.79)"
"12/18/2023","12/18/2023","12/20/2023","AAPL","Apple
CUSIP: 037833100","Buy","0.052387","$194.90","($10.21)"
"12/18/2023","12/18/2023","12/19/2023","","ACH Deposit","ACH","","","$800.00"
"12/15/2023","12/15/2023","12/19/2023","MSFT","Microsoft
CUSIP: 594918104
Dividend Reinvestment","Buy","0.02262","$370.91","($8.39)"
"12/14/2023","12/14/2023","12/14/2023","MSFT","Cash Div: R/D 2023-11-16 P/D 2023-12-14 - 11.190771 shares at 0.75","CDIV","","","$8.39"
"12/11/2023","12/11/2023","12/13/2023","MSFT","Microsoft
CUSIP: 594918104","Buy","0.945486","$369.91","($349.74)"
"12/11/2023","12/11/2023","12/13/2023","BLK","BlackRock
CUSIP: 09247X101","Buy","0.99895","$752.75","($751.96)"
"12/11/2023","12/11/2023","12/13/2023","BLK","BlackRock
CUSIP: 09247X101","Buy","0.000053","$752.75","($0.04)"
"12/11/2023","12/11/2023","12/13/2023","NVDA","NVIDIA
CUSIP: 67066G104","Buy","1","$466.42","($466.42)"
"12/11/2023","12/11/2023","12/13/2023","NVDA","NVIDIA
CUSIP: 67066G104","Buy","0.072006","$466.42","($33.58)"
"12/11/2023","12/11/2023","12/12/2023","","ACH Deposit","ACH","","","$1,600.00"
"12/5/2023","12/5/2023","12/7/2023","PFE","Pfizer
CUSIP: 717081103
Dividend Reinvestment","Buy","0.030539","$29.47","($0.90)"
"12/4/2023","12/4/2023","12/4/2023","PFE","Cash Div: R/D 2023-11-10 P/D 2023-12-04 - 2.200364 shares at 0.41","CDIV","","","$0.90"
"12/4/2023","12/4/2023","12/6/2023","F","Ford Motor
CUSIP: 345370860
Dividend Reinvestment","Buy","0.907129","$10.66","($9.67)"
"12/1/2023","12/1/2023","12/1/2023","F","Cash Div: R/D 2023-11-01 P/D 2023-12-01 - 64.483765 shares at 0.15","CDIV","","","$9.67"
"11/27/2023","11/27/2023","11/29/2023","SBUX","Starbucks
CUSIP: 855244109
Dividend Reinvestment","Buy","0.011583","$102.73","($1.19)"
"11/24/2023","11/24/2023","11/24/2023","SBUX","Cash Div: R/D 2023-11-10 P/D 2023-11-24 - 2.096469 shares at 0.57","CDIV","","","$1.19"
"11/17/2023","11/17/2023","11/21/2023","AAPL","Apple
CUSIP: 037833100
Dividend Reinvestment","Buy","0.00818","$189.48","($1.55)"
"11/16/2023","11/16/2023","11/16/2023","AAPL","Cash Div: R/D 2023-11-13 P/D 2023-11-16 - 6.459045 shares at 0.24","CDIV","","","$1.55"
"10/4/2023","10/4/2023","10/6/2023","VOO","Vanguard S&P 500 ETF
CUSIP: 922908363
Dividend Reinvestment","Buy","0.00674","$387.21","($2.61)"
"10/3/2023","10/3/2023","10/3/2023","VOO","Cash Div: R/D 2023-09-29 P/D 2023-10-03 - 1.751648 shares at 1.4925","CDIV","","","$2.61"
"10/3/2023","10/3/2023","10/5/2023","NKE","Nike
CUSIP: 654106103
Dividend Reinvestment","Buy","0.007254","$95.11","($0.69)"
"10/2/2023","10/2/2023","10/2/2023","NKE","Cash Div: R/D 2023-09-05 P/D 2023-10-02 - 2.043189 shares at 0.34","CDIV","","","$0.69"
"9/25/2023","9/25/2023","9/27/2023","BLK","BlackRock
CUSIP: 09247X101
Dividend Reinvestment","Buy","0.022386","$656.20","($14.69)"
"9/22/2023","9/22/2023","9/22/2023","BLK","Cash Div: R/D 2023-09-08 P/D 2023-09-22 - 2.937802 shares at 5","CDIV","","","$14.69"
"9/15/2023","9/15/2023","9/19/2023","MSFT","Microsoft
CUSIP: 594918104
Dividend Reinvestment","Buy","0.022788","$333.07","($7.59)"
"9/14/2023","9/14/2023","9/14/2023","MSFT","Cash Div: R/D 2023-08-17 P/D 2023-09-14 - 11.167983 shares at 0.68","CDIV","","","$7.59"
"9/6/2023","9/6/2023","9/8/2023","PFE","Pfizer
CUSIP: 717081103
Dividend Reinvestment","Buy","0.025692","$34.64","($0.89)"
"9/5/2023","9/5/2023","9/5/2023","PFE","Cash Div: R/D 2023-07-28 P/D 2023-09-05 - 2.174672 shares at 0.41","CDIV","","","$0.89"
"9/5/2023","9/5/2023","9/7/2023","F","Ford Motor
CUSIP: 345370860
Dividend Reinvestment","Buy","0.786655","$12.14","($9.55)"
"9/1/2023","9/1/2023","9/1/2023","F","Cash Div: R/D 2023-07-25 P/D 2023-09-01 - 63.69711 shares at 0.15","CDIV","","","$9.55"
"8/28/2023","8/28/2023","8/30/2023","SBUX","Starbucks
CUSIP: 855244109
Dividend Reinvestment","Buy","0.011436","$97.06","($1.11)"
"8/25/2023","8/25/2023","8/25/2023","SBUX","Cash Div: R/D 2023-08-11 P/D 2023-08-25 - 2.085033 shares at 0.53","CDIV","","","$1.11"
"8/18/2023","8/18/2023","8/22/2023","AAPL","Apple
CUSIP: 037833100
Dividend Reinvestment","Buy","0.008961","$172.97","($1.55)"
"8/17/2023","8/17/2023","8/17/2023","AAPL","Cash Div: R/D 2023-08-14 P/D 2023-08-17 - 6.450084 shares at 0.24","CDIV","","","$1.55"
"7/6/2023","7/6/2023","7/10/2023","VOO","Vanguard S&P 500 ETF
CUSIP: 922908363
order batcher","Buy","0.006836","$402.23","($2.75)"
"7/6/2023","7/6/2023","7/10/2023","NKE","Nike
CUSIP: 654106103
order batcher","Buy","0.006595","$104.61","($0.69)"
"7/5/2023","7/5/2023","7/5/2023","VOO","Cash Div: R/D 2023-06-30 P/D 2023-07-05 - 1.744812 shares at 1.5762","CDIV","","","$2.75"
"7/5/2023","7/5/2023","7/5/2023","NKE","Cash Div: R/D 2023-06-05 P/D 2023-07-05 - 2.036594 shares at 0.34","CDIV","","","$0.69"
"6/26/2023","6/26/2023","6/28/2023","BLK","BlackRock
CUSIP: 09247X101
order batcher","Buy","0.021404","$681.15","($14.58)"
"6/23/2023","6/23/2023","6/23/2023","BLK","Cash Div: R/D 2023-06-08 P/D 2023-06-23 - 2.916398 shares at 5","CDIV","","","$14.58"
"6/12/2023","6/12/2023","6/14/2023","PFE","Pfizer
CUSIP: 717081103
order batcher","Buy","0.022205","$39.63","($0.88)"
"6/9/2023","6/9/2023","6/9/2023","PFE","Cash Div: R/D 2023-05-12 P/D 2023-06-09 - 2.152467 shares at 0.41","CDIV","","","$0.88"
"6/9/2023","6/9/2023","6/13/2023","MSFT","Microsoft
CUSIP: 594918104
order batcher","Buy","0.023057","$328.75","($7.58)"
"6/8/2023","6/8/2023","6/8/2023","MSFT","Cash Div: R/D 2023-05-18 P/D 2023-06-08 - 11.144926 shares at 0.68","CDIV","","","$7.58"
"6/2/2023","6/2/2023","6/6/2023","F","Ford Motor
CUSIP: 345370860
order batcher","Buy","0.761904","$12.39","($9.44)"
"6/1/2023","6/1/2023","6/1/2023","F","Cash Div: R/D 2023-04-26 P/D 2023-06-01 - 62.935206 shares at 0.15","CDIV","","","$9.44"
"5/30/2023","5/30/2023","6/1/2023","SBUX","Starbucks
CUSIP: 855244109
order batcher","Buy","0.011176","$98.42","($1.10)"
"5/26/2023","5/26/2023","5/26/2023","SBUX","Cash Div: R/D 2023-05-12 P/D 2023-05-26 - 2.073857 shares at 0.53","CDIV","","","$1.10"
"5/19/2023","5/19/2023","5/23/2023","AAPL","Apple
CUSIP: 037833100
order batcher","Buy","0.008808","$175.96","($1.55)"
"5/18/2023","5/18/2023","5/18/2023","AAPL","Cash Div: R/D 2023-05-15 P/D 2023-05-18 - 6.441276 shares at 0.24","CDIV","","","$1.55"
"4/4/2023","4/4/2023","4/6/2023","NKE","Nike
CUSIP: 654106103
order batcher","Buy","0.005606","$123.08","($0.69)"
"4/3/2023","4/3/2023","4/3/2023","NKE","Cash Div: R/D 2023-03-06 P/D 2023-04-03 - 2.030988 shares at 0.34","CDIV","","","$0.69"
"3/30/2023","3/30/2023","4/3/2023","VOO","Vanguard S&P 500 ETF
CUSIP: 922908363
order batcher","Buy","0.006952","$371.07","($2.58)"
"3/29/2023","3/29/2023","3/29/2023","VOO","Cash Div: R/D 2023-03-27 P/D 2023-03-29 - 1.73786 shares at 1.4874","CDIV","","","$2.58"
"3/24/2023","3/24/2023","3/28/2023","BLK","BlackRock
CUSIP: 09247X101
order batcher","Buy","0.02236","$647.12","($14.47)"
"3/23/2023","3/23/2023","3/23/2023","BLK","Cash Div: R/D 2023-03-07 P/D 2023-03-23 - 2.894038 shares at 5","CDIV","","","$14.47"
"3/10/2023","3/10/2023","3/14/2023","MSFT","Microsoft
CUSIP: 594918104
order batcher","Buy","0.030287","$249.61","($7.56)"
"3/9/2023","3/9/2023","3/9/2023","MSFT","Cash Div: R/D 2023-02-16 P/D 2023-03-09 - 11.114639 shares at 0.68","CDIV","","","$7.56"
"3/6/2023","3/6/2023","3/8/2023","PFE","Pfizer
CUSIP: 717081103
order batcher","Buy","0.021167","$41.10","($0.87)"
"3/3/2023","3/3/2023","3/3/2023","PFE","Cash Div: R/D 2023-01-27 P/D 2023-03-03 - 2.1313 shares at 0.41","CDIV","","","$0.87"
"3/2/2023","3/2/2023","3/6/2023","F","Ford Motor
CUSIP: 345370860
order batcher","Buy","3.094202","$12.42","($38.43)"
"3/2/2023","3/2/2023","3/6/2023","F","Ford Motor
CUSIP: 345370860
order batcher","Buy","0.715322","$12.40","($8.87)"
"3/1/2023","3/1/2023","3/1/2023","F","Cash Div: R/D 2023-02-13 P/D 2023-03-01 - 59.125682 shares at 0.15","CDIV","","","$8.87"
"3/1/2023","3/1/2023","3/1/2023","F","Cash Div: R/D 2023-02-13 P/D 2023-03-01 - 59.125682 shares at 0.65","CDIV","","","$38.43"
"2/27/2023","2/27/2023","3/1/2023","SBUX","Starbucks
CUSIP: 855244109
order batcher","Buy","0.010569","$103.13","($1.09)"
"2/24/2023","2/24/2023","2/24/2023","SBUX","Cash Div: R/D 2023-02-10 P/D 2023-02-24 - 2.063288 shares at 0.53","CDIV","","","$1.09"
"2/17/2023","2/17/2023","2/22/2023","AAPL","Apple
CUSIP: 037833100
order batcher","Buy","0.00972","$152.26","($1.48)"
"2/16/2023","2/16/2023","2/16/2023","AAPL","Cash Div: R/D 2023-02-13 P/D 2023-02-16 - 6.431556 shares at 0.23","CDIV","","","$1.48"
"12/29/2022","12/29/2022","1/3/2023","NKE","Nike
CUSIP: 654106103
order batcher","Buy","0.0059","$116.93","($0.69)"
"12/28/2022","12/28/2022","12/28/2022","NKE","Cash Div: R/D 2022-12-05 P/D 2022-12-28 - 2.025088 shares at 0.34","CDIV","","","$0.69"
"12/27/2022","12/27/2022","12/29/2022","BLK","BlackRock
CUSIP: 09247X101
order batcher","Buy","0.019967","$702.63","($14.03)"
"12/27/2022","12/27/2022","12/29/2022","VOO","Vanguard S&P 500 ETF
CUSIP: 922908363
order batcher","Buy","0.00825","$350.27","($2.89)"
"12/23/2022","12/23/2022","12/23/2022","BLK","Cash Div: R/D 2022-12-07 P/D 2022-12-23 - 2.874071 shares at 4.88","CDIV","","","$14.03"
"12/23/2022","12/23/2022","12/23/2022","VOO","Cash Div: R/D 2022-12-21 P/D 2022-12-23 - 1.72961 shares at 1.6717","CDIV","","","$2.89"
"12/9/2022","12/9/2022","12/13/2022","MSFT","Microsoft
CUSIP: 594918104
order batcher","Buy","0.030578","$246.58","($7.54)"
"12/8/2022","12/8/2022","12/8/2022","MSFT","Cash Div: R/D 2022-11-17 P/D 2022-12-08 - 11.084061 shares at 0.68","CDIV","","","$7.54"
"12/6/2022","12/6/2022","12/8/2022","PFE","Pfizer
CUSIP: 717081103
order batcher","Buy","0.016928","$50.21","($0.85)"
"12/5/2022","12/5/2022","12/5/2022","PFE","Cash Div: R/D 2022-11-04 P/D 2022-12-05 - 2.114372 shares at 0.4","CDIV","","","$0.85"
"12/2/2022","12/2/2022","12/6/2022","F","Ford Motor
CUSIP: 345370860
order batcher","Buy","0.630028","$13.92","($8.77)"
"12/1/2022","12/1/2022","12/1/2022","F","Cash Div: R/D 2022-11-15 P/D 2022-12-01 - 58.495654 shares at 0.15","CDIV","","","$8.77"
"11/28/2022","11/28/2022","11/30/2022","SBUX","Starbucks
CUSIP: 855244109
order batcher","Buy","0.010985","$99.22","($1.09)"
"11/25/2022","11/25/2022","11/25/2022","SBUX","Cash Div: R/D 2022-11-11 P/D 2022-11-25 - 2.052303 shares at 0.53","CDIV","","","$1.09"
"11/11/2022","11/11/2022","11/15/2022","AAPL","Apple
CUSIP: 037833100
Bulk Equity Order Allocation Execution","Buy","0.010182","$145.36","($1.48)"
"11/10/2022","11/10/2022","11/10/2022","AAPL","Cash Div: R/D 2022-11-07 P/D 2022-11-10 - 6.421374 shares at 0.23","CDIV","","","$1.48"
"10/5/2022","10/5/2022","10/7/2022","VOO","Vanguard S&P 500 ETF
CUSIP: 922908363
Bulk Equity Order Allocation Execution","Buy","0.007373","$343.15","($2.53)"
"10/4/2022","10/4/2022","10/4/2022","VOO","Cash Div: R/D 2022-09-29 P/D 2022-10-03 - 1.722237 shares at 1.4692","CDIV","","","$2.53"
"10/4/2022","10/4/2022","10/6/2022","NKE","Nike
CUSIP: 654106103
Bulk Equity Order Allocation Execution","Buy","0.007064","$87.77","($0.62)"
"10/3/2022","10/3/2022","10/3/2022","NKE","Cash Div: R/D 2022-09-06 P/D 2022-10-03 - 2.018024 shares at 0.305","CDIV","","","$0.62"
"9/26/2022","9/26/2022","9/28/2022","BLK","BlackRock
CUSIP: 09247X101
Bulk Equity Order Allocation Execution","Buy","0.023601","$589.37","($13.91)"
"9/23/2022","9/23/2022","9/23/2022","BLK","Cash Div: R/D 2022-09-07 P/D 2022-09-23 - 2.85047 shares at 4.88","CDIV","","","$13.91"
"9/9/2022","9/9/2022","9/13/2022","MSFT","Microsoft
CUSIP: 594918104
Bulk Equity Order Allocation Execution","Buy","0.026122","$262.61","($6.86)"
"9/8/2022","9/8/2022","9/8/2022","MSFT","Cash Div: R/D 2022-08-18 P/D 2022-09-08 - 11.057939 shares at 0.62","CDIV","","","$6.86"
"9/7/2022","9/7/2022","9/9/2022","PFE","Pfizer
CUSIP: 717081103
Bulk Equity Order Allocation Execution","Buy","0.01833","$45.83","($0.84)"
"9/6/2022","9/6/2022","9/6/2022","PFE","Cash Div: R/D 2022-07-29 P/D 2022-09-06 - 2.096042 shares at 0.4","CDIV","","","$0.84"
"9/2/2022","9/2/2022","9/7/2022","F","Ford Motor
CUSIP: 345370860
Bulk Equity Order Allocation Execution","Buy","0.560363","$15.51","($8.69)"
"9/1/2022","9/1/2022","9/1/2022","F","Cash Div: R/D 2022-08-11 P/D 2022-09-01 - 57.935291 shares at 0.15","CDIV","","","$8.69"
"8/29/2022","8/29/2022","8/31/2022","SBUX","Starbucks
CUSIP: 855244109
Bulk Equity Order Allocation Execution","Buy","0.012015","$83.23","($1.00)"
"8/26/2022","8/26/2022","8/26/2022","SBUX","Cash Div: R/D 2022-08-12 P/D 2022-08-26 - 2.040288 shares at 0.49","CDIV","","","$1.00"
"8/25/2022","8/25/2022","8/25/2022","TSLA","Tesla
CUSIP: 88160R101","SPL","4.0314","",""
"8/12/2022","8/12/2022","8/16/2022","AAPL","Apple
CUSIP: 037833100
Bulk Equity Order Allocation Execution","Buy","0.008651","$169.92","($1.47)"
"8/11/2022","8/11/2022","8/11/2022","AAPL","Cash Div: R/D 2022-08-08 P/D 2022-08-11 - 6.412723 shares at 0.23","CDIV","","","$1.47"
"8/8/2022","8/8/2022","8/10/2022","META","Meta Platforms
CUSIP: 30303M102","Sell","1","$174.81","$174.81"
"8/8/2022","8/8/2022","8/10/2022","AMZN","Amazon
CUSIP: 023135106","Buy","13.999813","$142.59","($1,996.19)"
"8/8/2022","8/8/2022","8/10/2022","AMZN","Amazon
CUSIP: 023135106","Buy","0.095171","$142.58","($13.57)"
"8/8/2022","8/8/2022","8/10/2022","GOOGL","Alphabet Class A
CUSIP: 02079K305","Buy","24.998051","$119.33","($2,983.00)"
"8/8/2022","8/8/2022","8/10/2022","GOOGL","Alphabet Class A
CUSIP: 02079K305","Buy","0.142474","$119.32","($17.00)"
"8/8/2022","8/8/2022","8/10/2022","MSFT","Microsoft
CUSIP: 594918104","Buy","6.99952","$284.71","($1,992.80)"
"8/8/2022","8/8/2022","8/10/2022","MSFT","Microsoft
CUSIP: 594918104","Buy","0.025308","$284.68","($7.20)"
"8/8/2022","8/8/2022","8/10/2022","BLK","BlackRock
CUSIP: 09247X101","Buy","0.001995","$701.64","($1.40)"
"8/8/2022","8/8/2022","8/10/2022","BLK","BlackRock
CUSIP: 09247X101","Buy","2.848475","$701.64","($1,998.60)"
"7/29/2022","7/29/2022","7/29/2022","","ACH Deposit","ACH","","","$10,000.00"
"7/6/2022","7/6/2022","7/8/2022","VOO","Vanguard S&P 500 ETF
CUSIP: 922908363
Bulk Equity Order Allocation Execution","Buy","0.007004","$351.25","($2.46)"
"7/5/2022","7/5/2022","7/5/2022","VOO","Cash Div: R/D 2022-06-30 P/D 2022-07-05 - 1.715233 shares at 1.4321","CDIV","","","$2.46"
"7/5/2022","7/5/2022","7/7/2022","NKE","Nike
CUSIP: 654106103
Bulk Equity Order Allocation Execution","Buy","0.006054","$100.77","($0.61)"
"7/1/2022","7/1/2022","7/1/2022","NKE","Cash Div: R/D 2022-06-06 P/D 2022-07-01 - 2.01197 shares at 0.305","CDIV","","","$0.61"
"6/13/2022","6/13/2022","6/15/2022","PFE","Pfizer
CUSIP: 717081103
Bulk Equity Order Allocation Execution","Buy","0.017008","$48.80","($0.83)"
"6/10/2022","6/10/2022","6/10/2022","PFE","Cash Div: R/D 2022-05-13 P/D 2022-06-10 - 2.079034 shares at 0.4","CDIV","","","$0.83"
"6/10/2022","6/10/2022","6/14/2022","MSFT","Microsoft
CUSIP: 594918104
Bulk Equity Order Allocation Execution","Buy","0.009587","$259.72","($2.49)"
"6/9/2022","6/9/2022","6/9/2022","MSFT","Cash Div: R/D 2022-05-19 P/D 2022-06-09 - 4.023524 shares at 0.62","CDIV","","","$2.49"
"6/2/2022","6/2/2022","6/6/2022","F","Ford Motor
CUSIP: 345370860
Bulk Equity Order Allocation Execution","Buy","0.419096","$13.72","($5.75)"
"6/1/2022","6/1/2022","6/1/2022","F","Cash Div: R/D 2022-04-26 P/D 2022-06-01 - 57.516195 shares at 0.1","CDIV","","","$5.75"
"5/31/2022","5/31/2022","6/2/2022","SBUX","Starbucks
CUSIP: 855244109
Bulk Equity Order Allocation Execution","Buy","0.012862","$76.97","($0.99)"
"5/27/2022","5/27/2022","5/27/2022","SBUX","Cash Div: R/D 2022-05-13 P/D 2022-05-27 - 2.027426 shares at 0.49","CDIV","","","$0.99"
"5/13/2022","5/13/2022","5/17/2022","AAPL","Apple
CUSIP: 037833100
Bulk Equity Order Allocation Execution","Buy","0.010233","$143.66","($1.47)"
"5/12/2022","5/12/2022","5/12/2022","AAPL","Cash Div: R/D 2022-05-09 P/D 2022-05-12 - 6.40249 shares at 0.23","CDIV","","","$1.47"
"4/4/2022","4/4/2022","4/6/2022","NKE","Nike
CUSIP: 654106103
Bulk Equity Order Allocation Execution","Buy","0.004573","$133.39","($0.61)"
"4/1/2022","4/1/2022","4/1/2022","NKE","Cash Div: R/D 2022-03-07 P/D 2022-04-01 - 2.007397 shares at 0.305","CDIV","","","$0.61"
"3/30/2022","3/30/2022","4/1/2022","VOO","Vanguard S&P 500 ETF
CUSIP: 922908363
Bulk Equity Order Allocation Execution","Buy","0.005552","$423.26","($2.35)"
"3/29/2022","3/29/2022","3/29/2022","VOO","Cash Div: R/D 2022-03-25 P/D 2022-03-29 - 1.709681 shares at 1.3737","CDIV","","","$2.35"
"3/11/2022","3/11/2022","3/15/2022","MSFT","Microsoft
CUSIP: 594918104
Bulk Equity Order Allocation Execution","Buy","0.008632","$288.46","($2.49)"
"3/10/2022","3/10/2022","3/10/2022","MSFT","Cash Div: R/D 2022-02-17 P/D 2022-03-10 - 4.014892 shares at 0.62","CDIV","","","$2.49"
"3/7/2022","3/7/2022","3/9/2022","PFE","Pfizer
CUSIP: 717081103
Bulk Equity Order Allocation Execution","Buy","0.016964","$48.34","($0.82)"
"3/4/2022","3/4/2022","3/4/2022","PFE","Cash Div: R/D 2022-01-28 P/D 2022-03-04 - 2.06207 shares at 0.4","CDIV","","","$0.82"
"3/2/2022","3/2/2022","3/4/2022","F","Ford Motor
CUSIP: 345370860
Bulk Equity Order Allocation Execution","Buy","0.329683","$17.35","($5.72)"
"3/1/2022","3/1/2022","3/1/2022","F","Cash Div: R/D 2022-01-31 P/D 2022-03-01 - 57.186512 shares at 0.1","CDIV","","","$5.72"
"2/28/2022","2/28/2022","3/2/2022","SBUX","Starbucks
CUSIP: 855244109
Bulk Equity Order Allocation Execution","Buy","0.010845","$91.29","($0.99)"
"2/25/2022","2/25/2022","2/25/2022","SBUX","Cash Div: R/D 2022-02-11 P/D 2022-02-25 - 2.016581 shares at 0.49","CDIV","","","$0.99"
"2/11/2022","2/11/2022","2/15/2022","AAPL","Apple
CUSIP: 037833100
Bulk Equity Order Allocation Execution","Buy","0.008181","$172.35","($1.41)"
"2/10/2022","2/10/2022","2/10/2022","AAPL","Cash Div: R/D 2022-02-07 P/D 2022-02-10 - 6.394309 shares at 0.22","CDIV","","","$1.41"
"1/10/2022","1/10/2022","1/12/2022","AAPL","Apple
CUSIP: 037833100","Buy","2.955807","$169.16","($500.00)"
"1/10/2022","1/10/2022","1/10/2022","","ACH Deposit","ACH","","","$500.00"
"12/29/2021","12/29/2021","12/31/2021","NKE","Nike
CUSIP: 654106103
Bulk Equity Order Allocation Execution","Buy","0.003658","$166.77","($0.61)"
"12/28/2021","12/28/2021","12/28/2021","NKE","Cash Div: R/D 2021-12-06 P/D 2021-12-28 - 2.003739 shares at 0.305","CDIV","","","$0.61"
"12/28/2021","12/28/2021","12/30/2021","VOO","Vanguard S&P 500 ETF
CUSIP: 922908363
Bulk Equity Order Allocation Execution","Buy","0.005943","$439.19","($2.61)"
"12/27/2021","12/27/2021","12/27/2021","VOO","Cash Div: R/D 2021-12-22 P/D 2021-12-27 - 1.703738 shares at 1.5329","CDIV","","","$2.61"
"12/10/2021","12/10/2021","12/14/2021","MSFT","Microsoft
CUSIP: 594918104
Bulk Equity Order Allocation Execution","Buy","0.007394","$335.42","($2.48)"
"12/9/2021","12/9/2021","12/9/2021","MSFT","Cash Div: R/D 2021-11-18 P/D 2021-12-09 - 4.007498 shares at 0.62","CDIV","","","$2.48"
"12/7/2021","12/7/2021","12/9/2021","PFE","Pfizer
CUSIP: 717081103
Bulk Equity Order Allocation Execution","Buy","0.015533","$51.50","($0.80)"
"12/6/2021","12/6/2021","12/6/2021","PFE","Cash Div: R/D 2021-11-05 P/D 2021-12-06 - 2.046537 shares at 0.39","CDIV","","","$0.80"
"12/2/2021","12/2/2021","12/6/2021","F","Ford Motor
CUSIP: 345370860
Bulk Equity Order Allocation Execution","Buy","0.292094","$19.48","($5.69)"
"12/1/2021","12/1/2021","12/1/2021","F","Cash Div: R/D 2021-11-19 P/D 2021-12-01 - 56.894418 shares at 0.1","CDIV","","","$5.69"
"11/29/2021","11/29/2021","12/1/2021","SBUX","Starbucks
CUSIP: 855244109
Bulk Equity Order Allocation Execution","Buy","0.0088","$111.37","($0.98)"
"11/26/2021","11/26/2021","11/26/2021","SBUX","Cash Div: R/D 2021-11-12 P/D 2021-11-26 - 2.007781 shares at 0.49","CDIV","","","$0.98"
"11/15/2021","11/15/2021","11/17/2021","AAPL","Apple
CUSIP: 037833100
Bulk Equity Order Allocation Execution","Buy","0.005053","$150.42","($0.76)"
"11/12/2021","11/12/2021","11/12/2021","AAPL","Cash Div: R/D 2021-11-08 P/D 2021-11-11 - 3.433449 shares at 0.22","CDIV","","","$0.76"
"10/5/2021","10/5/2021","10/7/2021","VOO","Vanguard S&P 500 ETF
CUSIP: 922908363
Bulk Equity Order Allocation Execution","Buy","0.005611","$395.66","($2.22)"
"10/4/2021","10/4/2021","10/4/2021","VOO","Cash Div: R/D 2021-09-30 P/D 2021-10-04 - 1.698127 shares at 1.3084","CDIV","","","$2.22"
"10/4/2021","10/4/2021","10/6/2021","NKE","Nike
CUSIP: 654106103
Bulk Equity Order Allocation Execution","Buy","0.003739","$147.10","($0.55)"
"10/1/2021","10/1/2021","10/1/2021","NKE","Cash Div: R/D 2021-08-30 P/D 2021-10-01 - 2 shares at 0.275","CDIV","","","$0.55"
"9/10/2021","9/10/2021","9/14/2021","MSFT","Microsoft
CUSIP: 594918104
Bulk Equity Order Allocation Execution","Buy","0.007498","$298.74","($2.24)"
"9/9/2021","9/9/2021","9/9/2021","MSFT","Cash Div: R/D 2021-08-19 P/D 2021-09-09 - 4 shares at 0.56","CDIV","","","$2.24"
"8/30/2021","8/30/2021","9/1/2021","SBUX","Starbucks
CUSIP: 855244109
Bulk Equity Order Allocation Execution","Buy","0.007781","$115.67","($0.90)"
"8/27/2021","8/27/2021","8/27/2021","SBUX","Cash Div: R/D 2021-08-12 P/D 2021-08-27 - 2 shares at 0.45","CDIV","","","$0.90"
"8/13/2021","8/13/2021","8/17/2021","AAPL","Apple
CUSIP: 037833100
Bulk Equity Order Allocation Execution","Buy","0.005035","$148.95","($0.75)"
"8/12/2021","8/12/2021","8/12/2021","AAPL","Cash Div: R/D 2021-08-09 P/D 2021-08-12 - 3.428414 shares at 0.22","CDIV","","","$0.75"
"8/4/2021","8/4/2021","8/6/2021","PFE","Pfizer
CUSIP: 717081103","Buy","1.999836","$45.40","($90.79)"
"8/4/2021","8/4/2021","8/6/2021","PFE","Pfizer
CUSIP: 717081103","Buy","0.046701","$45.40","($2.12)"
"8/4/2021","8/4/2021","8/6/2021","VOO","Vanguard S&P 500 ETF
CUSIP: 922908363","Buy","1","$404.46","($404.46)"
"8/4/2021","8/4/2021","8/6/2021","MSFT","Microsoft
CUSIP: 594918104","Buy","2","$286.48","($572.96)"
"8/4/2021","8/4/2021","8/6/2021","F","Ford Motor
CUSIP: 345370860","Buy","36.101083","$13.85","($500.00)"
"8/4/2021","8/4/2021","8/6/2021","TSLA","Tesla
CUSIP: 88160R101","Buy","1.999492","$709.43","($1,418.50)"
"8/4/2021","8/4/2021","8/6/2021","TSLA","Tesla
CUSIP: 88160R101","Buy","0.016214","$709.25","($11.50)"
"7/29/2021","7/29/2021","8/2/2021","VOO","Vanguard S&P 500 ETF
CUSIP: 922908363","Buy","0.698127","$405.38","($283.00)"
"7/29/2021","7/29/2021","8/2/2021","AAPL","Apple
CUSIP: 037833100","Buy","3.428414","$145.84","($500.00)"
"7/29/2021","7/29/2021","8/2/2021","F","Ford Motor
CUSIP: 345370860","Buy","20.793335","$14.43","($300.00)"
"7/29/2021","7/29/2021","7/29/2021","","ACH Deposit","ACH","","","$4,000.00"
"7/1/2021","7/1/2021","7/1/2021","NKE","Cash Div: R/D 2021-06-01 P/D 2021-07-01 - 2 shares at 0.275","CDIV","","","$0.55"
"6/10/2021","6/10/2021","6/10/2021","MSFT","Cash Div: R/D 2021-05-20 P/D 2021-06-10 - 2 shares at 0.56","CDIV","","","$1.12"
"5/28/2021","5/28/2021","5/28/2021","SBUX","Cash Div: R/D 2021-05-13 P/D 2021-05-28 - 2 shares at 0.45","CDIV","","","$0.90"
"4/1/2021","4/1/2021","4/1/2021","NKE","Cash Div: R/D 2021-03-01 P/D 2021-04-01 - 2 shares at 0.275","CDIV","","","$0.55"
"3/22/2021","3/22/2021","3/24/2021","KDP","Keurig Dr Pepper
CUSIP: 49271V100","Sell","1","$33.91","$33.91"
"3/11/2021","3/11/2021","3/11/2021","MSFT","Cash Div: R/D 2021-02-18 P/D 2021-03-11 - 2 shares at 0.56","CDIV","","","$1.12"
"3/5/2021","3/5/2021","3/5/2021","SBUX","Cash Div: R/D 2021-02-18 P/D 2021-03-05 - 2 shares at 0.45","CDIV","","","$0.90"
"1/22/2021","1/22/2021","1/22/2021","KDP","Cash Div: R/D 2021-01-08 P/D 2021-01-22 - 1 shares at 0.15","CDIV","","","$0.15"
"12/29/2020","12/29/2020","12/29/2020","NKE","Cash Div: R/D 2020-12-07 P/D 2020-12-29 - 2 shares at 0.275","CDIV","","","$0.55"
"12/10/2020","12/10/2020","12/10/2020","MSFT","Cash Div: R/D 2020-11-19 P/D 2020-12-10 - 2 shares at 0.56","CDIV","","","$1.12"
"11/27/2020","11/27/2020","11/27/2020","SBUX","Cash Div: R/D 2020-11-12 P/D 2020-11-27 - 2 shares at 0.45","CDIV","","","$0.90"
"10/16/2020","10/16/2020","10/16/2020","KDP","Cash Div: R/D 2020-10-02 P/D 2020-10-16 - 1 shares at 0.15","CDIV","","","$0.15"
"10/1/2020","10/1/2020","10/1/2020","NKE","Cash Div: R/D 2020-08-31 P/D 2020-10-01 - 2 shares at 0.245","CDIV","","","$0.49"
"9/10/2020","9/10/2020","9/10/2020","MSFT","Cash Div: R/D 2020-08-20 P/D 2020-09-10 - 2 shares at 0.51","CDIV","","","$1.02"
"8/21/2020","8/21/2020","8/21/2020","SBUX","Cash Div: R/D 2020-08-07 P/D 2020-08-21 - 2 shares at 0.41","CDIV","","","$0.82"
"7/17/2020","7/17/2020","7/17/2020","KDP","Cash Div: R/D 2020-07-03 P/D 2020-07-17 - 1 shares at 0.15","CDIV","","","$0.15"
"7/1/2020","7/1/2020","7/1/2020","NKE","Cash Div: R/D 2020-06-01 P/D 2020-07-01 - 2 shares at 0.245","CDIV","","","$0.49"
"6/11/2020","6/11/2020","6/11/2020","MSFT","Cash Div: R/D 2020-05-21 P/D 2020-06-11 - 2 shares at 0.51","CDIV","","","$1.02"
"5/22/2020","5/22/2020","5/22/2020","SBUX","Cash Div: R/D 2020-05-08 P/D 2020-05-22 - 2 shares at 0.41","CDIV","","","$0.82"
"4/17/2020","4/17/2020","4/17/2020","KDP","Cash Div: R/D 2020-04-03 P/D 2020-04-17 - 1 shares at 0.15","CDIV","","","$0.15"
"4/1/2020","4/1/2020","4/1/2020","NKE","Cash Div: R/D 2020-03-02 P/D 2020-04-01 - 2 shares at 0.245","CDIV","","","$0.49"
"3/12/2020","3/12/2020","3/12/2020","MSFT","Cash Div: R/D 2020-02-20 P/D 2020-03-12 - 2 shares at 0.51","CDIV","","","$1.02"
"2/21/2020","2/21/2020","2/21/2020","SBUX","Cash Div: R/D 2020-02-06 P/D 2020-02-21 - 2 shares at 0.41","CDIV","","","$0.82"
"1/17/2020","1/17/2020","1/17/2020","KDP","Cash Div: R/D 2020-01-03 P/D 2020-01-17 - 1 shares at 0.15","CDIV","","","$0.15"
"1/2/2020","1/2/2020","1/2/2020","NKE","Cash Div: R/D 2019-12-02 P/D 2020-01-02 - 2 shares at 0.245","CDIV","","","$0.49"
"12/12/2019","12/12/2019","12/12/2019","MSFT","Cash Div: R/D 2019-11-21 P/D 2019-12-12 - 2 shares at 0.51","CDIV","","","$1.02"
"11/29/2019","11/29/2019","11/29/2019","SBUX","Cash Div: R/D 2019-11-13 P/D 2019-11-29 - 2 shares at 0.41","CDIV","","","$0.82"
"10/18/2019","10/18/2019","10/18/2019","KDP","Cash Div: R/D 2019-10-04 P/D 2019-10-18 - 1 shares at 0.15","CDIV","","","$0.15"
"9/30/2019","9/30/2019","9/30/2019","NKE","Cash Div: R/D 2019-09-03 P/D 2019-09-30 - 2 shares at 0.22","CDIV","","","$0.44"
"9/12/2019","9/12/2019","9/12/2019","MSFT","Cash Div: R/D 2019-08-15 P/D 2019-09-12 - 2 shares at 0.46","CDIV","","","$0.92"
"8/23/2019","8/23/2019","8/23/2019","SBUX","Cash Div: R/D 2019-08-08 P/D 2019-08-23 - 2 shares at 0.36","CDIV","","","$0.72"
"8/1/2019","8/1/2019","8/1/2019","","ACH Deposit","ACH","","","$50.00"
"8/1/2019","8/1/2019","8/5/2019","NKE","Nike
CUSIP: 654106103","Buy","1","$83.50","($83.50)"
"8/1/2019","8/1/2019","8/5/2019","MSFT","Microsoft
CUSIP: 594918104","Buy","1","$138.07","($138.07)"
"8/1/2019","8/1/2019","8/1/2019","","ACH Deposit","ACH","","","$100.00"
"8/1/2019","8/1/2019","8/5/2019","NKE","Nike
CUSIP: 654106103","Buy","1","$83.11","($83.11)"
"8/1/2019","8/1/2019","8/1/2019","","ACH Deposit","ACH","","","$100.00"
"8/1/2019","8/1/2019","8/5/2019","META","Meta Platforms
CUSIP: 30303M102","Buy","1","$192.79","($192.79)"
"8/1/2019","8/1/2019","8/5/2019","MSFT","Microsoft
CUSIP: 594918104","Buy","1","$138.06","($138.06)"
"8/1/2019","8/1/2019","8/1/2019","","ACH Deposit","ACH","","","$400.00"
""
"","","","","","","","","","The data provided is for informational purposes only. Please consult a professional tax service or personal tax advisor if you need instructions on how to calculate cost basis or questions regarding your specific tax situation. Reminder: This data does not include Robinhood Crypto or Robinhood Spending activity."
