Activity Date,Process Date,Settle Date,Instrument,Description,Trans Code,Quantity,Price,Amount,
10/22/25,10/22/25,10/23/25,BYND,"Beyond Meat
CUSIP: 08862E109",Buy,0.34046,$3.81 ,-1.30,1.3
10/22/25,10/22/25,10/23/25,BYND,"Beyond Meat
CUSIP: 08862E109",Buy,131,$3.81 ,-498.70,498.7
10/22/25,10/22/25,10/23/25,BYND,"Beyond Meat
CUSIP: 08862E109",Sell,785,$3.00 ,2355.09,2355.09
10/22/25,10/22/25,10/23/25,BYND,"Beyond Meat
CUSIP: 08862E109",Buy,0.168755,$5.98 ,-1.01,1.01
10/22/25,10/22/25,10/23/25,BYND,"Beyond Meat
CUSIP: 08862E109",Buy,334,$5.98 ,-1998.99,1998.99
10/22/25,10/22/25,10/23/25,,ACH Deposit,ACH,,,2000.00,2000
10/21/25,10/21/25,10/22/25,BYND,"Beyond Meat
CUSIP: 08862E109",Buy,0.494522,$3.20 ,-1.58,1.58
10/21/25,10/21/25,10/22/25,BYND,"Beyond Meat
CUSIP: 08862E109",Buy,156,$3.20 ,-498.42,498.42
10/20/25,10/20/25,10/21/25,BYND,"Beyond Meat
CUSIP: 08862E109",Buy,295,$1.67 ,-492.65,492.65
10/17/25,10/17/25,10/20/25,,ACH Deposit,ACH,,,1000.00,1000
10/10/25,10/10/25,10/14/25,CRM,"Salesforce
CUSIP: 79466L302
Dividend Reinvestment",Buy,0.016891,$247.46 ,-4.18,4.18
10/9/25,10/9/25,10/9/25,CRM,Cash Div: R/D 2025-09-17 P/D 2025-10-09 - 10.044653 shares at 0.416,CDIV,,,4.18,4.18
10/7/25,10/7/25,10/7/25,,Gold Subscription Fee,GOLD,,,-5.00,5
10/6/25,10/6/25,10/6/25,TNYA,Stock Lending,SLIP,,,0.08,0.08
10/6/25,10/6/25,10/6/25,SCHD,Stock Lending,SLIP,,,0.01,0.01
10/6/25,10/6/25,10/6/25,SPY,Stock Lending,SLIP,,,0.01,0.01
10/6/25,10/6/25,10/6/25,RDDT,Stock Lending,SLIP,,,0.01,0.01
10/6/25,10/6/25,10/6/25,SMR,Stock Lending,SLIP,,,0.01,0.01
10/6/25,10/6/25,10/6/25,RKLB,Stock Lending,SLIP,,,0.01,0.01
10/6/25,10/6/25,10/6/25,RIVN,Stock Lending,SLIP,,,0.01,0.01
10/6/25,10/6/25,10/6/25,ASTS,Stock Lending,SLIP,,,0.01,0.01
10/6/25,10/6/25,10/6/25,LUNR,Stock Lending,SLIP,,,0.01,0.01
10/6/25,10/6/25,10/6/25,ATYR,Stock Lending,SLIP,,,0.01,0.01
10/6/25,10/6/25,10/6/25,QQQ,Stock Lending,SLIP,,,0.01,0.01
10/6/25,10/6/25,10/6/25,OKLO,Stock Lending,SLIP,,,0.01,0.01
10/3/25,10/3/25,10/6/25,NVDA,"NVIDIA
CUSIP: 67066G104
Dividend Reinvestment",Buy,0.007346,$189.20 ,-1.39,1.39
10/2/25,10/2/25,10/2/25,NVDA,Cash Div: R/D 2025-09-11 P/D 2025-10-02 - 138.601999 shares at 0.01,CDIV,,,1.39,1.39
10/2/25,10/2/25,10/3/25,KO,"Coca-Cola
CUSIP: 191216100
Dividend Reinvestment",Buy,0.118873,$66.20 ,-7.87,7.87
10/2/25,10/2/25,10/3/25,VOO,"Vanguard S&P 500 ETF
CUSIP: 922908363
Dividend Reinvestment",Buy,0.204947,$615.33 ,-126.11,126.11
10/1/25,10/1/25,10/1/25,KO,Cash Div: R/D 2025-09-15 P/D 2025-10-01 - 15.436255 shares at 0.51,CDIV,,,7.87,7.87
10/1/25,10/1/25,10/1/25,VOO,Cash Div: R/D 2025-09-29 P/D 2025-10-01 - 72.47738 shares at 1.74,CDIV,,,126.11,126.11
9/30/25,9/30/25,9/30/25,,Interest Payment,INT,,,1.82,1.82
9/30/25,9/30/25,9/30/25,,Gold Deposit Boost Payment,GDBP,,,18.09,18.09
9/30/25,9/30/25,10/1/25,SCHD,"Schwab US Dividend Equity ETF
CUSIP: 808524797
Dividend Reinvestment",Buy,36.88409,$27.09 ,-999.19,999.19
9/29/25,9/29/25,9/29/25,SCHD,Cash Div: R/D 2025-09-24 P/D 2025-09-29 - 3837.132465 shares at 0.2604,CDIV,,,999.19,999.19
9/26/25,9/26/25,9/29/25,GOOGL,"Alphabet Class A
CUSIP: 02079K305",Buy,3.653533,$246.95 ,-902.24,902.24
9/26/25,9/26/25,9/29/25,OKLO,"Oklo
CUSIP: 02156V109",Buy,20,$110.92 ,-2218.40,2218.4
9/26/25,9/26/25,9/29/25,,ACH Deposit,ACH,,,3000.00,3000
9/24/25,9/24/25,9/25/25,BLK,"Blackrock, Inc.
CUSIP: 09290D101
Dividend Reinvestment",Buy,0.043532,"$1,135.47 ",-49.43,49.43
9/23/25,9/23/25,9/23/25,BLK,Cash Div: R/D 2025-09-05 P/D 2025-09-23 - 9.487128 shares at 5.21,CDIV,,,49.43,49.43
9/17/25,9/17/25,9/18/25,VOO,"Vanguard S&P 500 ETF
CUSIP: 922908363",Buy,0.5,$605.95 ,-302.98,302.98
9/17/25,9/17/25,9/18/25,VOO,"Vanguard S&P 500 ETF
CUSIP: 922908363",Buy,2,$605.95 ,-1211.90,1211.9
9/17/25,9/17/25,9/18/25,,ACH Deposit,ACH,,,500.00,500
9/17/25,9/17/25,9/18/25,,ACH Deposit,ACH,,,1000.00,1000
9/16/25,9/16/25,9/17/25,GOOGL,"Alphabet Class A
CUSIP: 02079K305
Dividend Reinvestment",Buy,0.08229,$250.09 ,-20.58,20.58
9/15/25,9/15/25,9/15/25,GOOGL,Cash Div: R/D 2025-09-08 P/D 2025-09-15 - 97.990023 shares at 0.21,CDIV,,,20.58,20.58
9/12/25,9/12/25,9/15/25,MSFT,"Microsoft
CUSIP: 594918104
Dividend Reinvestment",Buy,0.051432,$506.30 ,-26.04,26.04
9/11/25,9/11/25,9/11/25,MSFT,Cash Div: R/D 2025-08-21 P/D 2025-09-11 - 31.377695 shares at 0.83,CDIV,,,26.04,26.04
9/9/25,9/9/25,9/10/25,ASTS,"AST SpaceMobile
CUSIP: 00217D100",Buy,40,$37.60 ,-1504.00,1504
9/8/25,9/8/25,9/8/25,TNYA,Stock Lending,SLIP,,,0.01,0.01
9/8/25,9/8/25,9/8/25,RKLB,Stock Lending,SLIP,,,0.01,0.01
9/8/25,9/8/25,9/8/25,RDDT,Stock Lending,SLIP,,,0.01,0.01
9/8/25,9/8/25,9/8/25,RIVN,Stock Lending,SLIP,,,0.01,0.01
9/8/25,9/8/25,9/8/25,SCHD,Stock Lending,SLIP,,,0.01,0.01
9/8/25,9/8/25,9/8/25,SPY,Stock Lending,SLIP,,,0.01,0.01
9/8/25,9/8/25,9/8/25,SMR,Stock Lending,SLIP,,,0.01,0.01
9/8/25,9/8/25,9/8/25,LUNR,Stock Lending,SLIP,,,0.01,0.01
9/8/25,9/8/25,9/8/25,QQQ,Stock Lending,SLIP,,,0.01,0.01
9/8/25,9/8/25,9/8/25,OKLO,Stock Lending,SLIP,,,0.01,0.01
9/8/25,9/8/25,9/8/25,ASTS,Stock Lending,SLIP,,,0.01,0.01
9/8/25,9/8/25,9/8/25,,Gold Subscription Fee,GOLD,,,-5.00,5
9/2/25,9/2/25,9/2/25,,Gold Deposit Boost Payment,GDBP,,,18.09,18.09
8/29/25,8/29/25,8/29/25,,Interest Payment,INT,,,10.18,10.18
8/29/25,8/29/25,9/2/25,ATYR,"aTyr Pharma
CUSIP: 002120202",Buy,400,$5.48 ,-2192.01,2192.01
8/29/25,8/29/25,9/2/25,,ACH Deposit,ACH,,,3500.00,3500
8/20/25,8/20/25,8/21/25,MSFT,"Microsoft
CUSIP: 594918104",Buy,4,$507.09 ,-2028.36,2028.36
8/20/25,8/20/25,8/21/25,RKLB,"Rocket Lab Corporation
CUSIP: 773121108",Buy,50,$38.89 ,-1944.60,1944.6
8/20/25,8/20/25,8/21/25,PLTR,"Palantir Technologies
CUSIP: 69608A108",Buy,15,$146.67 ,-2200.12,2200.12
8/20/25,8/20/25,8/21/25,,ACH Deposit,ACH,,,6000.00,6000
8/19/25,8/19/25,8/20/25,OKLO,"Oklo
CUSIP: 02156V109",Buy,20,$66.18 ,-1323.65,1323.65
8/19/25,8/19/25,8/20/25,SMR,"NuScale Power
CUSIP: 67079K100",Buy,40,$33.14 ,-1325.48,1325.48
8/19/25,8/19/25,8/20/25,,ACH Deposit,ACH,,,5000.00,5000
8/18/25,8/18/25,8/19/25,,ACH Deposit,ACH,,,1000.00,1000
8/15/25,8/15/25,8/18/25,PLTR,"Palantir Technologies
CUSIP: 69608A108",Buy,2,$177.18 ,-354.36,354.36
8/15/25,8/15/25,8/18/25,AAPL,"Apple
CUSIP: 037833100
Dividend Reinvestment",Buy,0.009623,$231.72 ,-2.23,2.23
8/14/25,8/14/25,8/14/25,AAPL,Cash Div: R/D 2025-08-11 P/D 2025-08-14 - 8.58042 shares at 0.26,CDIV,,,2.23,2.23
8/14/25,8/14/25,8/15/25,OKLO,"Oklo
CUSIP: 02156V109",Buy,20,$73.07 ,-1461.40,1461.4
8/14/25,8/14/25,8/15/25,,ACH Deposit,ACH,,,1000.00,1000
8/14/25,8/14/25,8/15/25,PLTR,"Palantir Technologies
CUSIP: 69608A108",Buy,10,$181.34 ,-1813.45,1813.45
8/11/25,8/11/25,8/12/25,GOOGL,"Alphabet Class A
CUSIP: 02079K305",Buy,30,$199.40 ,-5982.00,5982
8/11/25,8/11/25,8/12/25,TSLA,"Tesla
CUSIP: 88160R101",Sell,20,$340.08 ,6801.60,6801.6
8/8/25,8/8/25,8/8/25,,Gold Subscription Fee,GOLD,,,-5.00,5
8/7/25,8/7/25,8/7/25,SCHD,Stock Lending,SLIP,,,0.01,0.01
8/7/25,8/7/25,8/7/25,TNYA,Stock Lending,SLIP,,,0.26,0.26
8/7/25,8/7/25,8/7/25,SPY,Stock Lending,SLIP,,,0.01,0.01
8/7/25,8/7/25,8/7/25,RIVN,Stock Lending,SLIP,,,0.01,0.01
8/7/25,8/7/25,8/7/25,RDDT,Stock Lending,SLIP,,,0.01,0.01
8/7/25,8/7/25,8/7/25,RKLB,Stock Lending,SLIP,,,0.01,0.01
8/7/25,8/7/25,8/7/25,LUNR,Stock Lending,SLIP,,,0.01,0.01
8/7/25,8/7/25,8/7/25,SMR,Stock Lending,SLIP,,,0.01,0.01
8/7/25,8/7/25,8/7/25,OKLO,Stock Lending,SLIP,,,0.01,0.01
8/7/25,8/7/25,8/7/25,QQQ,Stock Lending,SLIP,,,0.01,0.01
8/7/25,8/7/25,8/7/25,ASTS,Stock Lending,SLIP,,,0.01,0.01
8/7/25,8/7/25,8/8/25,ASTS,"AST SpaceMobile
CUSIP: 00217D100",Buy,25,$48.16 ,-1203.95,1203.95
8/6/25,8/6/25,8/7/25,LUNR,"Intuitive Machines
CUSIP: 46125A100",Buy,300,$10.66 ,-3196.50,3196.5
8/6/25,8/6/25,8/7/25,VOO,"Vanguard S&P 500 ETF
CUSIP: 922908363",Buy,19,$581.70 ,-11052.30,11052.3
8/6/25,8/6/25,8/7/25,VOO,"Vanguard S&P 500 ETF
CUSIP: 922908363",Buy,1,$581.70 ,-581.70,581.7
8/6/25,8/6/25,8/7/25,SCHD,"Schwab US Dividend Equity ETF
CUSIP: 808524797",Buy,200,$26.78 ,-5355.26,5355.26
8/6/25,8/6/25,8/7/25,SCHD,"Schwab US Dividend Equity ETF
CUSIP: 808524797",Buy,850,$26.78 ,-22759.79,22759.79
8/6/25,8/6/25,8/7/25,SCHD,"Schwab US Dividend Equity ETF
CUSIP: 808524797",Buy,299,$26.78 ,-8006.20,8006.2
8/6/25,8/6/25,8/7/25,SCHD,"Schwab US Dividend Equity ETF
CUSIP: 808524797",Buy,1,$26.78 ,-26.78,26.78
8/6/25,8/6/25,8/7/25,,ACH Deposit,ACH,,,50000.00,50000
8/1/25,8/1/25,8/4/25,QQQ,"Invesco QQQ
CUSIP: 46090E103
Dividend Reinvestment",Buy,0.017413,$553.60 ,-9.64,9.64
8/1/25,8/1/25,8/4/25,SPY,"SPDR S&P 500 ETF
CUSIP: 78462F103
Dividend Reinvestment",Buy,0.314401,$621.62 ,-195.44,195.44
7/31/25,7/31/25,7/31/25,SPY,Cash Div: R/D 2025-06-20 P/D 2025-07-31 - 110.973339 shares at 1.761117,CDIV,,,195.44,195.44
7/31/25,7/31/25,7/31/25,QQQ,Cash Div: R/D 2025-06-23 P/D 2025-07-31 - 16.310086 shares at 0.59111,CDIV,,,9.64,9.64
7/31/25,7/31/25,7/31/25,,Interest Payment,INT,,,37.83,37.83
7/31/25,7/31/25,7/31/25,,Gold Deposit Boost Payment,GDBP,,,18.09,18.09
7/11/25,7/11/25,7/14/25,CRM,"Salesforce
CUSIP: 79466L302
Dividend Reinvestment",Buy,0.01596,$261.27 ,-4.17,4.17
7/10/25,7/10/25,7/10/25,CRM,Cash Div: R/D 2025-06-18 P/D 2025-07-10 - 10.028693 shares at 0.416,CDIV,,,4.17,4.17
7/9/25,7/9/25,7/9/25,,Gold Subscription Fee,GOLD,,,-5.00,5
7/8/25,7/8/25,7/8/25,SCHD,Stock Lending,SLIP,,,0.01,0.01
7/8/25,7/8/25,7/8/25,RKLB,Stock Lending,SLIP,,,0.01,0.01
7/8/25,7/8/25,7/8/25,TNYA,Stock Lending,SLIP,,,1.74,1.74
7/8/25,7/8/25,7/8/25,SPY,Stock Lending,SLIP,,,0.01,0.01
7/8/25,7/8/25,7/8/25,RIVN,Stock Lending,SLIP,,,0.01,0.01
7/8/25,7/8/25,7/8/25,QQQ,Stock Lending,SLIP,,,0.01,0.01
7/8/25,7/8/25,7/8/25,RDDT,Stock Lending,SLIP,,,0.01,0.01
7/8/25,7/8/25,7/8/25,OKLO,Stock Lending,SLIP,,,0.01,0.01
7/8/25,7/8/25,7/8/25,LUNR,Stock Lending,SLIP,,,0.01,0.01
7/8/25,7/8/25,7/8/25,SMR,Stock Lending,SLIP,,,0.01,0.01
7/8/25,7/8/25,7/8/25,ASTS,Stock Lending,SLIP,,,0.14,0.14
7/7/25,7/7/25,7/8/25,NVDA,"NVIDIA
CUSIP: 67066G104
Dividend Reinvestment",Buy,0.008777,$158.36 ,-1.39,1.39
7/3/25,7/3/25,7/3/25,NVDA,Cash Div: R/D 2025-06-11 P/D 2025-07-03 - 138.593222 shares at 0.01,CDIV,,,1.39,1.39
7/3/25,7/3/25,7/7/25,VOO,"Vanguard S&P 500 ETF
CUSIP: 922908363
Dividend Reinvestment",Buy,0.151219,$574.86 ,-86.93,86.93
7/2/25,7/2/25,7/2/25,VOO,Cash Div: R/D 2025-06-30 P/D 2025-07-02 - 49.826161 shares at 1.7447,CDIV,,,86.93,86.93
7/2/25,7/2/25,7/3/25,KO,"Coca-Cola
CUSIP: 191216100
Dividend Reinvestment",Buy,0.110156,$70.99 ,-7.82,7.82
7/1/25,7/1/25,7/1/25,KO,Cash Div: R/D 2025-06-13 P/D 2025-07-01 - 15.326099 shares at 0.51,CDIV,,,7.82,7.82
7/1/25,7/1/25,7/2/25,SCHD,"Schwab US Dividend Equity ETF
CUSIP: 808524797
Dividend Reinvestment",Buy,23.934215,$26.78 ,-640.92,640.92
7/1/25,7/1/25,7/1/25,,Gold Deposit Boost Payment,GDBP,,,18.09,18.09
6/30/25,6/30/25,6/30/25,,Interest Payment,INT,,,9.38,9.38
6/30/25,6/30/25,6/30/25,SCHD,Cash Div: R/D 2025-06-25 P/D 2025-06-30 - 2463.19825 shares at 0.2602,CDIV,,,640.92,640.92
6/26/25,6/26/25,6/27/25,RKLB,"Rocket Lab Corporation
CUSIP: 773121108",Sell,238,$36.35 ,8651.54,8651.54
6/26/25,6/26/25,6/27/25,RKLB,"Rocket Lab Corporation
CUSIP: 773121108",Sell,0.185725,$36.36 ,6.75,6.75
6/24/25,6/24/25,6/25/25,BLK,"Blackrock, Inc.
CUSIP: 09290D101
Dividend Reinvestment",Buy,0.049172,$999.96 ,-49.17,49.17
6/23/25,6/23/25,6/23/25,BLK,Cash Div: R/D 2025-06-05 P/D 2025-06-23 - 9.437956 shares at 5.21,CDIV,,,49.17,49.17
6/20/25,6/20/25,6/23/25,SPY,"SPDR S&P 500 ETF
CUSIP: 78462F103",Buy,4,$595.19 ,-2380.76,2380.76
6/20/25,6/20/25,6/23/25,,ACH Deposit,ACH,,,1600.00,1600
6/17/25,6/17/25,6/18/25,GOOGL,"Alphabet Class A
CUSIP: 02079K305
Dividend Reinvestment",Buy,0.080912,$176.24 ,-14.26,14.26
6/16/25,6/16/25,6/16/25,GOOGL,Cash Div: R/D 2025-06-09 P/D 2025-06-16 - 67.909111 shares at 0.21,CDIV,,,14.26,14.26
6/16/25,6/16/25,6/17/25,OKLO,"Oklo
CUSIP: 02156V109",Sell,21.63877,$69.32 ,1500.00,1500
6/13/25,6/13/25,6/16/25,MSFT,"Microsoft
CUSIP: 594918104
Dividend Reinvestment",Buy,0.047609,$476.37 ,-22.68,22.68
6/12/25,6/12/25,6/12/25,MSFT,Cash Div: R/D 2025-05-15 P/D 2025-06-12 - 27.330086 shares at 0.83,CDIV,,,22.68,22.68
6/10/25,6/10/25,6/11/25,SCHD,"Schwab US Dividend Equity ETF
CUSIP: 808524797",Buy,373.929936,$26.69 ,-9980.21,9980.21
6/10/25,6/10/25,6/11/25,SCHD,"Schwab US Dividend Equity ETF
CUSIP: 808524797",Buy,0.741615,$26.68 ,-19.79,19.79
6/10/25,6/10/25,6/11/25,,ACH Deposit,ACH,,,10000.00,10000
6/9/25,6/9/25,6/10/25,CRM,"Salesforce
CUSIP: 79466L302",Buy,5,$272.61 ,-1363.05,1363.05
6/9/25,6/9/25,6/10/25,TSLA,"Tesla
CUSIP: 88160R101",Buy,10,$293.62 ,-2936.25,2936.25
6/9/25,6/9/25,6/10/25,TSLA,"Tesla
CUSIP: 88160R101",Buy,10,$293.69 ,-2936.90,2936.9
6/9/25,6/9/25,6/10/25,,ACH Deposit,ACH,,,5000.00,5000
6/9/25,6/9/25,6/9/25,,Gold Subscription Fee,GOLD,,,-5.00,5
6/6/25,6/6/25,6/6/25,RKLB,Stock Lending,SLIP,,,0.01,0.01
6/6/25,6/6/25,6/6/25,LUNR,Stock Lending,SLIP,,,0.01,0.01
6/6/25,6/6/25,6/6/25,SPY,Stock Lending,SLIP,,,0.01,0.01
6/6/25,6/6/25,6/6/25,ASTS,Stock Lending,SLIP,,,0.01,0.01
6/6/25,6/6/25,6/6/25,TNYA,Stock Lending,SLIP,,,2.91,2.91
6/6/25,6/6/25,6/6/25,QQQ,Stock Lending,SLIP,,,0.01,0.01
6/6/25,6/6/25,6/6/25,OKLO,Stock Lending,SLIP,,,0.01,0.01
6/6/25,6/6/25,6/6/25,SMR,Stock Lending,SLIP,,,0.01,0.01
6/6/25,6/6/25,6/6/25,RIVN,Stock Lending,SLIP,,,0.01,0.01
6/6/25,6/6/25,6/6/25,RKLB,Stock Lending,SLIP,,,0.01,0.01
6/5/25,6/5/25,6/6/25,TNYA,"Tenaya Therapeutics
CUSIP: 87990A106",Sell,3479,$0.58 ,2005.60,2005.6
6/2/25,6/2/25,6/2/25,,Gold Deposit Boost Payment,GDBP,,,18.11,18.11
5/30/25,5/30/25,5/30/25,,Interest Payment,INT,,,39.96,39.96
5/27/25,5/27/25,5/27/25,RKLB,"Rocket Lab USA
CUSIP: 773122106",SXCH,465.0796S,,,0
5/27/25,5/27/25,5/27/25,RKLB,"Rocket Lab Corporation
CUSIP: 773121108",SXCH,465.0796,,,0
5/20/25,5/20/25,5/21/25,SCHD,"Schwab US Dividend Equity ETF
CUSIP: 808524797",Buy,400,$26.58 ,-10630.78,10630.78
5/16/25,5/16/25,5/19/25,AAPL,"Apple
CUSIP: 037833100
Dividend Reinvestment",Buy,0.010598,$210.41 ,-2.23,2.23
5/15/25,5/15/25,5/15/25,AAPL,Cash Div: R/D 2025-05-12 P/D 2025-05-15 - 8.569822 shares at 0.26,CDIV,,,2.23,2.23
5/14/25,5/14/25,5/15/25,RDDT,"Reddit
CUSIP: 75734B100",Sell,5,$129.68 ,648.39,648.39
5/13/25,5/13/25,5/14/25,NVDA,"NVIDIA
CUSIP: 67066G104",Sell,0.29624,$129.89 ,38.48,38.48
5/13/25,5/13/25,5/14/25,NVDA,"NVIDIA
CUSIP: 67066G104",Sell,30,$129.89 ,3896.64,3896.64
5/13/25,5/13/25,5/14/25,GOOGL,"Alphabet Class A
CUSIP: 02079K305",Buy,30,$159.11 ,-4773.29,4773.29
5/13/25,5/13/25,5/14/25,SCHD,"Schwab US Dividend Equity ETF
CUSIP: 808524797",Buy,500,$26.36 ,-13178.12,13178.12
5/12/25,5/12/25,5/12/25,,Gold Subscription Fee,GOLD,,,-5.00,5
5/7/25,5/7/25,5/7/25,TNYA,Stock Lending,SLIP,,,3.31,3.31
5/7/25,5/7/25,5/7/25,SBUX,Stock Lending,SLIP,,,0.01,0.01
5/7/25,5/7/25,5/7/25,RKLB,Stock Lending,SLIP,,,0.01,0.01
5/7/25,5/7/25,5/7/25,SPY,Stock Lending,SLIP,,,0.01,0.01
5/7/25,5/7/25,5/7/25,RIVN,Stock Lending,SLIP,,,0.01,0.01
5/7/25,5/7/25,5/7/25,SCHD,Stock Lending,SLIP,,,0.01,0.01
5/7/25,5/7/25,5/7/25,LUNR,Stock Lending,SLIP,,,0.01,0.01
5/7/25,5/7/25,5/7/25,SMR,Stock Lending,SLIP,,,0.01,0.01
5/7/25,5/7/25,5/7/25,OKLO,Stock Lending,SLIP,,,0.01,0.01
5/7/25,5/7/25,5/7/25,QQQ,Stock Lending,SLIP,,,0.01,0.01
5/7/25,5/7/25,5/7/25,ASTS,Stock Lending,SLIP,,,0.01,0.01
5/2/25,5/2/25,5/5/25,AVGO,"Broadcom
CUSIP: 11135F101",Sell,4,$204.73 ,818.89,818.89
5/2/25,5/2/25,5/5/25,AVGO,"Broadcom
CUSIP: 11135F101",Sell,0.809264,$204.73 ,165.68,165.68
5/2/25,5/2/25,5/5/25,CCJ,"Cameco
CUSIP: 13321L108",Sell,8.962767,$47.04 ,421.61,421.61
5/2/25,5/2/25,5/5/25,PFE,"Pfizer
CUSIP: 717081103",Sell,2.41203,$24.20 ,58.38,58.38
5/2/25,5/2/25,5/5/25,NKE,"Nike
CUSIP: 654106103",Sell,2,$58.14 ,116.29,116.29
5/2/25,5/2/25,5/5/25,NKE,"Nike
CUSIP: 654106103",Sell,0.109659,$58.14 ,6.38,6.38
5/2/25,5/2/25,5/5/25,SBUX,"Starbucks
CUSIP: 855244109",Sell,2,$84.35 ,168.70,168.7
5/2/25,5/2/25,5/5/25,SBUX,"Starbucks
CUSIP: 855244109",Sell,0.173027,$84.35 ,14.59,14.59
5/2/25,5/2/25,5/5/25,MSFT,"Microsoft
CUSIP: 594918104",Sell,0.99952,$437.49 ,437.28,437.28
5/2/25,5/2/25,5/5/25,MSFT,"Microsoft
CUSIP: 594918104",Sell,6,$437.49 ,2624.85,2624.85
5/2/25,5/2/25,5/5/25,PLTR,"Palantir Technologies
CUSIP: 69608A108",Sell,51,$122.63 ,6253.94,6253.94
5/2/25,5/2/25,5/5/25,PLTR,"Palantir Technologies
CUSIP: 69608A108",Sell,0.636067,$122.63 ,78.00,78
5/1/25,5/1/25,5/2/25,PLTR,"Palantir Technologies
CUSIP: 69608A108",Sell,10,$119.28 ,1192.81,1192.81
5/1/25,5/1/25,5/2/25,SPY,"SPDR S&P 500 ETF
CUSIP: 78462F103
Dividend Reinvestment",Buy,0.297101,$563.14 ,-167.31,167.31
5/1/25,5/1/25,5/2/25,QQQ,"Invesco QQQ
CUSIP: 46090E103
Dividend Reinvestment",Buy,0.024061,$484.60 ,-11.66,11.66
5/1/25,5/1/25,5/2/25,SCHD,"Schwab US Dividend Equity ETF
CUSIP: 808524797",Buy,200,$25.79 ,-5157.24,5157.24
5/1/25,5/1/25,5/1/25,,Gold Deposit Boost Payment,GDBP,,,18.13,18.13
4/30/25,4/30/25,4/30/25,QQQ,Cash Div: R/D 2025-03-24 P/D 2025-04-30 - 16.286025 shares at 0.71571,CDIV,,,11.66,11.66
4/30/25,4/30/25,4/30/25,SPY,Cash Div: R/D 2025-03-21 P/D 2025-04-30 - 98.676238 shares at 1.695528,CDIV,,,167.31,167.31
4/30/25,4/30/25,4/30/25,,Interest Payment,INT,,,30.93,30.93
4/30/25,4/30/25,5/1/25,MSFT,"Microsoft
CUSIP: 594918104",Sell,2,$417.00 ,833.97,833.97
4/25/25,4/25/25,4/28/25,CRM,"Salesforce
CUSIP: 79466L302
Dividend Reinvestment",Buy,0.007895,$264.72 ,-2.09,2.09
4/24/25,4/24/25,4/24/25,CRM,Cash Div: R/D 2025-04-10 P/D 2025-04-24 - 5.020798 shares at 0.416,CDIV,,,2.09,2.09
4/24/25,4/24/25,4/25/25,PLTR,"Palantir Technologies
CUSIP: 69608A108",Sell,20,$106.87 ,2137.34,2137.34
4/11/25,4/11/25,4/14/25,AAPL,"Apple
CUSIP: 037833100",Sell,20,$190.00 ,3799.89,3799.89
4/11/25,4/11/25,4/14/25,AAPL,"Apple
CUSIP: 037833100",Buy,20,$190.77 ,-3815.40,3815.4
4/10/25,4/10/25,4/10/25,,Gold Subscription Fee,GOLD,,,-5.00,5
4/8/25,4/8/25,4/9/25,SPY,"SPDR S&P 500 ETF
CUSIP: 78462F103",Buy,8,$495.30 ,-3962.40,3962.4
4/8/25,4/8/25,4/9/25,SPY,"SPDR S&P 500 ETF
CUSIP: 78462F103",Buy,2,$522.99 ,-1045.98,1045.98
4/8/25,4/8/25,4/9/25,SCHD,"Schwab US Dividend Equity ETF
CUSIP: 808524797",Buy,50,$25.45 ,-1272.50,1272.5
4/8/25,4/8/25,4/9/25,SPY,"SPDR S&P 500 ETF
CUSIP: 78462F103",Buy,2,$517.94 ,-1035.88,1035.88
4/7/25,4/7/25,4/8/25,SCHD,"Schwab US Dividend Equity ETF
CUSIP: 808524797",Buy,100,$25.02 ,-2501.50,2501.5
4/7/25,4/7/25,4/8/25,SPY,"SPDR S&P 500 ETF
CUSIP: 78462F103",Sell,2,$511.02 ,1022.01,1022.01
4/7/25,4/7/25,4/8/25,SPY,"SPDR S&P 500 ETF
CUSIP: 78462F103",Buy,2,$493.99 ,-987.98,987.98
4/4/25,4/4/25,4/8/25,,ACH Deposit,ACH,,,20000.00,20000
4/3/25,4/3/25,4/4/25,NVDA,"NVIDIA
CUSIP: 67066G104
Dividend Reinvestment",Buy,0.016262,$103.92 ,-1.69,1.69
4/2/25,4/2/25,4/2/25,NVDA,Cash Div: R/D 2025-03-12 P/D 2025-04-02 - 168.8732 shares at 0.01,CDIV,,,1.69,1.69
4/2/25,4/2/25,4/3/25,NKE,"Nike
CUSIP: 654106103
Dividend Reinvestment",Buy,0.013028,$64.47 ,-0.84,0.84
4/2/25,4/2/25,4/3/25,KO,"Coca-Cola
CUSIP: 191216100
Dividend Reinvestment",Buy,0.107741,$72.02 ,-7.76,7.76
4/1/25,4/1/25,4/1/25,NKE,Cash Div: R/D 2025-03-03 P/D 2025-04-01 - 2.096631 shares at 0.4,CDIV,,,0.84,0.84
4/1/25,4/1/25,4/1/25,KO,Cash Div: R/D 2025-03-14 P/D 2025-04-01 - 15.218358 shares at 0.51,CDIV,,,7.76,7.76
4/1/25,4/1/25,4/2/25,VOO,"Vanguard S&P 500 ETF
CUSIP: 922908363
Dividend Reinvestment",Buy,0.175076,$513.89 ,-89.97,89.97
4/1/25,4/1/25,4/2/25,SCHD,"Schwab US Dividend Equity ETF
CUSIP: 808524797
Dividend Reinvestment",Buy,6.730838,$27.79 ,-187.05,187.05
4/1/25,4/1/25,4/2/25,AVGO,"Broadcom
CUSIP: 11135F101
Dividend Reinvestment",Buy,0.017214,$164.39 ,-2.83,2.83
4/1/25,4/1/25,4/1/25,,Gold Deposit Boost Payment,GDBP,,,18.13,18.13
3/31/25,3/31/25,3/31/25,SCHD,Cash Div: R/D 2025-03-26 P/D 2025-03-31 - 751.795861 shares at 0.2488,CDIV,,,187.05,187.05
3/31/25,3/31/25,3/31/25,VOO,Cash Div: R/D 2025-03-27 P/D 2025-03-31 - 49.651085 shares at 1.8121,CDIV,,,89.97,89.97
3/31/25,3/31/25,3/31/25,AVGO,Cash Div: R/D 2025-03-20 P/D 2025-03-31 - 4.79205 shares at 0.59,CDIV,,,2.83,2.83
3/31/25,3/31/25,3/31/25,,Interest Payment,INT,,,14.68,14.68
3/26/25,3/26/25,3/27/25,SCHD,"Schwab US Dividend Equity ETF
CUSIP: 808524797",Buy,80,$27.92 ,-2233.36,2233.36
3/25/25,3/25/25,3/26/25,BLK,"Blackrock, Inc.
CUSIP: 09290D101
Dividend Reinvestment",Buy,0.039638,$972.53 ,-38.55,38.55
3/24/25,3/24/25,3/24/25,BLK,Cash Div: R/D 2025-03-07 P/D 2025-03-24 - 7.398318 shares at 5.21,CDIV,,,38.55,38.55
3/24/25,3/24/25,3/25/25,SCHD,"Schwab US Dividend Equity ETF
CUSIP: 808524797",Buy,100,$27.98 ,-2797.50,2797.5
3/18/25,3/18/25,3/19/25,SCHD,"Schwab US Dividend Equity ETF
CUSIP: 808524797",Buy,100,$27.84 ,-2784.50,2784.5
3/18/25,3/18/25,3/19/25,SPY,"SPDR S&P 500 ETF
CUSIP: 78462F103",Buy,4,$560.61 ,-2242.44,2242.44
3/18/25,3/18/25,3/19/25,GOOGL,"Alphabet Class A
CUSIP: 02079K305
Dividend Reinvestment",Buy,0.048237,$156.93 ,-7.57,7.57
3/18/25,3/18/25,3/19/25,,ACH Deposit,ACH,,,10000.00,10000
3/17/25,3/17/25,3/17/25,GOOGL,Cash Div: R/D 2025-03-10 P/D 2025-03-17 - 37.860874 shares at 0.2,CDIV,,,7.57,7.57
3/17/25,3/17/25,3/18/25,SCHD,"Schwab US Dividend Equity ETF
CUSIP: 808524797",Buy,70,$27.78 ,-1944.94,1944.94
3/17/25,3/17/25,3/18/25,TSLA,"Tesla
CUSIP: 88160R101",Sell,1,$245.04 ,245.04,245.04
3/17/25,3/17/25,3/18/25,TSLA,"Tesla
CUSIP: 88160R101",Sell,1,$245.04 ,245.04,245.04
3/17/25,3/17/25,3/18/25,TSLA,"Tesla
CUSIP: 88160R101",Sell,2,$245.04 ,490.08,490.08
3/17/25,3/17/25,3/18/25,TSLA,"Tesla
CUSIP: 88160R101",Sell,1,$245.04 ,245.04,245.04
3/14/25,3/14/25,3/17/25,MSFT,"Microsoft
CUSIP: 594918104
Dividend Reinvestment",Buy,0.078447,$383.57 ,-30.09,30.09
3/13/25,3/13/25,3/13/25,MSFT,Cash Div: R/D 2025-02-20 P/D 2025-03-13 - 36.251159 shares at 0.83,CDIV,,,30.09,30.09
3/11/25,3/11/25,3/12/25,RDDT,"Reddit
CUSIP: 75734B100",Buy,10,$120.65 ,-1206.46,1206.46
3/11/25,3/11/25,3/12/25,SPY,"SPDR S&P 500 ETF
CUSIP: 78462F103",Buy,2,$558.34 ,-1116.69,1116.69
3/11/25,3/11/25,3/12/25,BLK,"Blackrock, Inc.
CUSIP: 09290D101",Buy,2,$924.00 ,-1848.00,1848
3/11/25,3/11/25,3/11/25,,Gold Subscription Fee,GOLD,,,-5.00,5
3/10/25,3/10/25,3/11/25,,ACH Deposit,ACH,,,10000.00,10000
3/10/25,3/10/25,3/11/25,TSLA,"Tesla
CUSIP: 88160R101",Buy,5,$221.13 ,-1105.64,1105.64
3/10/25,3/10/25,3/11/25,SPY,"SPDR S&P 500 ETF
CUSIP: 78462F103",Buy,2,$561.48 ,-1122.95,1122.95
3/10/25,3/10/25,3/11/25,RKLB,"Rocket Lab USA
CUSIP: 773122106",Buy,100,$17.06 ,-1705.99,1705.99
3/10/25,3/10/25,3/11/25,PFE,"Pfizer
CUSIP: 717081103
Dividend Reinvestment",Buy,0.037673,$27.08 ,-1.02,1.02
3/10/25,3/10/25,3/11/25,SPY,"SPDR S&P 500 ETF
CUSIP: 78462F103",Buy,2,$568.33 ,-1136.66,1136.66
3/7/25,3/7/25,3/7/25,PFE,Cash Div: R/D 2025-01-24 P/D 2025-03-07 - 2.374357 shares at 0.43,CDIV,,,1.02,1.02
3/6/25,3/6/25,3/7/25,SPY,"SPDR S&P 500 ETF
CUSIP: 78462F103",Buy,2,$572.56 ,-1145.12,1145.12
3/6/25,3/6/25,3/7/25,SPY,"SPDR S&P 500 ETF
CUSIP: 78462F103",Buy,2,$579.60 ,-1159.19,1159.19
3/5/25,3/5/25,3/6/25,SPY,"SPDR S&P 500 ETF
CUSIP: 78462F103",Buy,2,$573.74 ,-1147.48,1147.48
3/5/25,3/5/25,3/6/25,TNYA,"Tenaya Therapeutics
CUSIP: 87990A106",Buy,2000,$0.50 ,-995.60,995.6
3/5/25,3/5/25,3/6/25,TNYA,"Tenaya Therapeutics
CUSIP: 87990A106",Buy,2000,$0.47 ,-941.40,941.4
3/4/25,3/4/25,3/5/25,SPY,"SPDR S&P 500 ETF
CUSIP: 78462F103",Buy,3,$578.92 ,-1736.75,1736.75
3/3/25,3/3/25,3/4/25,,ACH Deposit,ACH,,,10000.00,10000
3/3/25,3/3/25,3/4/25,SPY,"SPDR S&P 500 ETF
CUSIP: 78462F103",Buy,1,$584.55 ,-584.55,584.55
3/3/25,3/3/25,3/4/25,SBUX,"Starbucks
CUSIP: 855244109
Dividend Reinvestment",Buy,0.011336,$116.43 ,-1.32,1.32
2/28/25,2/28/25,2/28/25,SBUX,Cash Div: R/D 2025-02-14 P/D 2025-02-28 - 2.161691 shares at 0.61,CDIV,,,1.32,1.32
2/28/25,2/28/25,2/28/25,,Gold Deposit Boost Payment,GDBP,,,18.14,18.14
2/28/25,2/28/25,2/28/25,,Interest Payment,INT,,,9.46,9.46
2/27/25,2/27/25,2/28/25,SPY,"SPDR S&P 500 ETF
CUSIP: 78462F103",Buy,5,$585.87 ,-2929.35,2929.35
2/27/25,2/27/25,2/28/25,GOOGL,"Alphabet Class A
CUSIP: 02079K305",Buy,0.8907,$169.76 ,-151.20,151.2
2/27/25,2/27/25,2/28/25,GOOGL,"Alphabet Class A
CUSIP: 02079K305",Buy,5,$169.76 ,-848.80,848.8
2/27/25,2/27/25,2/28/25,SPY,"SPDR S&P 500 ETF
CUSIP: 78462F103",Buy,0.48334,$589.39 ,-284.88,284.88
2/27/25,2/27/25,2/28/25,SPY,"SPDR S&P 500 ETF
CUSIP: 78462F103",Buy,8,$589.39 ,-4715.12,4715.12
2/27/25,2/27/25,2/28/25,,ACH Deposit,ACH,,,10000.00,10000
2/26/25,2/26/25,2/27/25,VST,"Vistra
CUSIP: 92840M102",Sell,3,$147.54 ,442.61,442.61
2/26/25,2/26/25,2/27/25,VST,"Vistra
CUSIP: 92840M102",Sell,0.860901,$147.54 ,127.02,127.02
2/25/25,2/25/25,2/26/25,PLTR,"Palantir Technologies
CUSIP: 69608A108",Buy,0.00712,$86.93 ,-0.62,0.62
2/25/25,2/25/25,2/26/25,PLTR,"Palantir Technologies
CUSIP: 69608A108",Buy,23,$86.93 ,-1999.38,1999.38
2/25/25,2/25/25,2/26/25,SPY,"SPDR S&P 500 ETF
CUSIP: 78462F103",Buy,0.44337,$592.18 ,-262.55,262.55
2/25/25,2/25/25,2/26/25,SPY,"SPDR S&P 500 ETF
CUSIP: 78462F103",Buy,7,$592.18 ,-4145.26,4145.26
2/25/25,2/25/25,2/26/25,SPY,"SPDR S&P 500 ETF
CUSIP: 78462F103",Buy,1,$592.18 ,-592.18,592.18
2/25/25,2/25/25,2/26/25,,ACH Deposit,ACH,,,10000.00,10000
2/24/25,2/24/25,2/24/25,,External debit card transfer - account ending in 5417,DCF,,,1100.00,1100
2/24/25,2/24/25,2/25/25,SPY,"SPDR S&P 500 ETF
CUSIP: 78462F103",Buy,0.34124,$598.58 ,-204.26,204.26
2/24/25,2/24/25,2/25/25,SPY,"SPDR S&P 500 ETF
CUSIP: 78462F103",Buy,3,$598.58 ,-1795.74,1795.74
2/24/25,2/24/25,2/25/25,PLTR,"Palantir Technologies
CUSIP: 69608A108",Buy,0.7418,$91.99 ,-68.24,68.24
2/24/25,2/24/25,2/25/25,PLTR,"Palantir Technologies
CUSIP: 69608A108",Buy,21,$91.99 ,-1931.76,1931.76
2/24/25,2/24/25,2/25/25,,ACH Deposit,ACH,,,4000.00,4000
2/21/25,2/21/25,2/24/25,SPY,"SPDR S&P 500 ETF
CUSIP: 78462F103",Buy,0.99676,$600.39 ,-598.44,598.44
2/21/25,2/21/25,2/24/25,SPY,"SPDR S&P 500 ETF
CUSIP: 78462F103",Buy,4,$600.39 ,-2401.55,2401.55
2/21/25,2/21/25,2/24/25,GOOGL,"Alphabet Class A
CUSIP: 02079K305",Buy,0.5479,$180.25 ,-98.76,98.76
2/21/25,2/21/25,2/24/25,GOOGL,"Alphabet Class A
CUSIP: 02079K305",Buy,5,$180.25 ,-901.24,901.24
2/21/25,2/21/25,2/24/25,,ACH Deposit,ACH,,,4000.00,4000
2/21/25,2/21/25,2/24/25,RKLB,"Rocket Lab USA
CUSIP: 773122106",Buy,0.89383,$23.41 ,-20.92,20.92
2/21/25,2/21/25,2/24/25,RKLB,"Rocket Lab USA
CUSIP: 773122106",Buy,76,$23.41 ,-1779.08,1779.08
2/21/25,2/21/25,2/24/25,SPY,"SPDR S&P 500 ETF
CUSIP: 78462F103",Buy,0.50133,$599.68 ,-300.64,300.64
2/21/25,2/21/25,2/24/25,SPY,"SPDR S&P 500 ETF
CUSIP: 78462F103",Buy,2,$599.68 ,-1199.36,1199.36
2/14/25,2/14/25,2/18/25,AAPL,"Apple
CUSIP: 037833100
Dividend Reinvestment",Buy,0.008777,$243.81 ,-2.14,2.14
2/13/25,2/13/25,2/13/25,AAPL,Cash Div: R/D 2025-02-10 P/D 2025-02-13 - 8.561045 shares at 0.25,CDIV,,,2.14,2.14
2/13/25,2/13/25,2/14/25,SCHD,"Schwab US Dividend Equity ETF
CUSIP: 808524797",Buy,100,$27.68 ,-2768.50,2768.5
2/13/25,2/13/25,2/14/25,RDDT,"Reddit
CUSIP: 75734B100",Buy,5,$205.28 ,-1026.40,1026.4
2/12/25,2/12/25,2/13/25,SPY,"SPDR S&P 500 ETF
CUSIP: 78462F103",Buy,0.33506,$599.69 ,-200.93,200.93
2/12/25,2/12/25,2/13/25,SPY,"SPDR S&P 500 ETF
CUSIP: 78462F103",Buy,3,$599.69 ,-1799.07,1799.07
2/11/25,2/11/25,2/12/25,,ACH Deposit,ACH,,,10000.00,10000
2/10/25,2/10/25,2/10/25,,Gold Subscription Fee,GOLD,,,-5.00,5
2/6/25,2/6/25,2/7/25,AMZN,"Amazon
CUSIP: 023135106",Buy,0.23372,$236.20 ,-55.20,55.2
2/6/25,2/6/25,2/7/25,AMZN,"Amazon
CUSIP: 023135106",Buy,4,$236.20 ,-944.80,944.8
2/6/25,2/6/25,2/7/25,SCHD,"Schwab US Dividend Equity ETF
CUSIP: 808524797",Buy,178.89087,$27.95 ,-5000.00,5000
2/4/25,2/4/25,2/5/25,SPY,"SPDR S&P 500 ETF
CUSIP: 78462F103",Buy,4.16861,$599.72 ,-2500.00,2500
2/4/25,2/4/25,2/5/25,PLTR,"Palantir Technologies
CUSIP: 69608A108",Sell,0.37809,$102.55 ,38.77,38.77
2/4/25,2/4/25,2/5/25,PLTR,"Palantir Technologies
CUSIP: 69608A108",Sell,24,$102.55 ,2461.16,2461.16
2/3/25,2/3/25,2/4/25,SPY,"SPDR S&P 500 ETF
CUSIP: 78462F103
Dividend Reinvestment",Buy,0.112929,$596.92 ,-67.41,67.41
2/3/25,2/3/25,2/3/25,,Gold Deposit Boost Payment,GDBP,,,18.15,18.15
1/31/25,1/31/25,1/31/25,SPY,Cash Div: R/D 2024-12-20 P/D 2025-01-31 - 34.293599 shares at 1.965548,CDIV,,,67.41,67.41
1/31/25,1/31/25,1/31/25,,Interest Payment,INT,,,3.36,3.36
1/31/25,1/31/25,2/3/25,,ACH Deposit,ACH,,,10000.00,10000
1/28/25,1/28/25,1/29/25,AVGO,"Broadcom
CUSIP: 11135F101",Buy,0.79205,$208.68 ,-165.28,165.28
1/28/25,1/28/25,1/29/25,AVGO,"Broadcom
CUSIP: 11135F101",Buy,4,$208.68 ,-834.72,834.72
1/28/25,1/28/25,1/29/25,,ACH Deposit,ACH,,,1000.00,1000
1/28/25,1/28/25,1/29/25,MSFT,"Microsoft
CUSIP: 594918104",Buy,4.58884,$435.84 ,-2000.00,2000
1/27/25,1/27/25,1/28/25,NVDA,"NVIDIA
CUSIP: 67066G104",Buy,0.39754,$119.77 ,-47.61,47.61
1/27/25,1/27/25,1/28/25,NVDA,"NVIDIA
CUSIP: 67066G104",Buy,33,$119.77 ,-3952.39,3952.39
1/27/25,1/27/25,1/28/25,PLTR,"Palantir Technologies
CUSIP: 69608A108",Buy,30,$75.94 ,-2278.20,2278.2
1/27/25,1/27/25,1/28/25,VOO,"Vanguard S&P 500 ETF
CUSIP: 922908363",Buy,10,$550.01 ,-5500.10,5500.1
1/27/25,1/27/25,1/28/25,,ACH Deposit,ACH,,,10000.00,10000
1/21/25,1/21/25,1/22/25,RKLB,"Rocket Lab USA
CUSIP: 773122106",Sell,86.510733,$31.17 ,2696.45,2696.45
1/21/25,1/21/25,1/22/25,RKLB,"Rocket Lab USA
CUSIP: 773122106",Sell,0.111004,$31.17 ,3.46,3.46
1/21/25,1/21/25,1/21/25,,2024-12-11 YG Promo Remediation,INT,,,1.57,1.57
1/17/25,1/17/25,1/21/25,MSTR,"Strategy Inc.
CUSIP: 594972408",Sell,3,$392.47 ,1177.38,1177.38
1/10/25,1/10/25,1/13/25,CRM,"Salesforce
CUSIP: 79466L302
Dividend Reinvestment",Buy,0.0063,$319.04 ,-2.01,2.01
1/10/25,1/10/25,1/13/25,SPY,"SPDR S&P 500 ETF
CUSIP: 78462F103",Buy,4,$581.44 ,-2325.78,2325.78
1/10/25,1/10/25,1/13/25,MSFT,"Microsoft
CUSIP: 594918104",Buy,5,$416.82 ,-2084.10,2084.1
1/10/25,1/10/25,1/13/25,NVDA,"NVIDIA
CUSIP: 67066G104",Buy,0.72122,$135.86 ,-97.98,97.98
1/10/25,1/10/25,1/13/25,NVDA,"NVIDIA
CUSIP: 67066G104",Buy,14,$135.86 ,-1902.02,1902.02
1/10/25,1/10/25,1/13/25,,ACH Deposit,ACH,,,10000.00,10000
1/10/25,1/10/25,1/10/25,,Gold Subscription Fee,GOLD,,,-5.00,5
1/9/25,1/9/25,1/9/25,CRM,Cash Div: R/D 2024-12-18 P/D 2025-01-09 - 5.014498 shares at 0.4,CDIV,,,2.01,2.01
1/6/25,1/6/25,1/7/25,NVDA,"NVIDIA
CUSIP: 67066G104",Sell,0.63442,$151.33 ,96.01,96.01
1/6/25,1/6/25,1/7/25,NVDA,"NVIDIA
CUSIP: 67066G104",Sell,3,$151.33 ,453.99,453.99
1/3/25,1/3/25,1/6/25,NKE,"Nike
CUSIP: 654106103
Dividend Reinvestment",Buy,0.011285,$73.54 ,-0.83,0.83
1/2/25,1/2/25,1/2/25,NKE,Cash Div: R/D 2024-12-02 P/D 2025-01-02 - 2.085346 shares at 0.4,CDIV,,,0.83,0.83
1/2/25,1/2/25,1/3/25,QQQ,"Invesco QQQ
CUSIP: 46090E103
Dividend Reinvestment",Buy,0.019989,$512.28 ,-10.24,10.24
1/2/25,1/2/25,1/3/25,VST,"Vistra
CUSIP: 92840M102
Dividend Reinvestment",Buy,0.005911,$143.78 ,-0.85,0.85
1/2/25,1/2/25,1/2/25,,Gold Deposit Boost Payment,GDBP,,,18.15,18.15
12/31/24,12/31/24,12/31/24,QQQ,Cash Div: R/D 2024-12-23 P/D 2024-12-31 - 12.266036 shares at 0.83466,CDIV,,,10.24,10.24
12/31/24,12/31/24,12/31/24,VST,Cash Div: R/D 2024-12-20 P/D 2024-12-31 - 3.85499 shares at 0.2215,CDIV,,,0.85,0.85
12/31/24,12/31/24,12/31/24,,Interest Payment,INT,,,1.08,1.08
12/30/24,12/30/24,12/31/24,NVDA,"NVIDIA
CUSIP: 67066G104
Dividend Reinvestment",Buy,0.00828,$137.67 ,-1.14,1.14
12/27/24,12/27/24,12/27/24,NVDA,Cash Div: R/D 2024-12-05 P/D 2024-12-27 - 114.38058 shares at 0.01,CDIV,,,1.14,1.14
12/27/24,12/27/24,12/30/24,GOOGL,"Alphabet Class A
CUSIP: 02079K305",Buy,10,$191.81 ,-1918.12,1918.12
12/27/24,12/27/24,12/30/24,NVDA,"NVIDIA
CUSIP: 67066G104",Buy,10,$136.23 ,-1362.30,1362.3
12/27/24,12/27/24,12/30/24,SCHD,"Schwab US Dividend Equity ETF
CUSIP: 808524797",Buy,50,$27.39 ,-1369.50,1369.5
12/27/24,12/27/24,12/30/24,QQQ,"Invesco QQQ
CUSIP: 46090E103",Buy,4,$520.00 ,-2080.00,2080
12/27/24,12/27/24,12/30/24,VOO,"Vanguard S&P 500 ETF
CUSIP: 922908363",Buy,5,$544.82 ,-2724.10,2724.1
12/27/24,12/27/24,12/30/24,,ACH Deposit,ACH,,,10000.00,10000
12/27/24,12/27/24,12/30/24,VOO,"Vanguard S&P 500 ETF
CUSIP: 922908363
Dividend Reinvestment",Buy,0.110169,$545.07 ,-60.05,60.05
12/26/24,12/26/24,12/26/24,VOO,Cash Div: R/D 2024-12-23 P/D 2024-12-26 - 34.540916 shares at 1.7385,CDIV,,,60.05,60.05
12/24/24,12/24/24,12/26/24,BLK,"Blackrock, Inc.
CUSIP: 09290D101
Dividend Reinvestment",Buy,0.035742,"$1,050.57 ",-37.55,37.55
12/23/24,12/23/24,12/23/24,BLK,Cash Div: R/D 2024-12-05 P/D 2024-12-23 - 7.362576 shares at 5.1,CDIV,,,37.55,37.55
12/19/24,12/19/24,12/20/24,SCHD,"Schwab US Dividend Equity ETF
CUSIP: 808524797",Buy,80,$27.13 ,-2170.39,2170.39
12/19/24,12/19/24,12/20/24,RDDT,"Reddit
CUSIP: 75734B100",Buy,6,$164.88 ,-989.28,989.28
12/19/24,12/19/24,12/20/24,QQQ,"Invesco QQQ
CUSIP: 46090E103",Buy,4,$519.49 ,-2077.96,2077.96
12/19/24,12/19/24,12/20/24,VOO,"Vanguard S&P 500 ETF
CUSIP: 922908363",Buy,8,$542.96 ,-4343.68,4343.68
12/19/24,12/19/24,12/20/24,,ACH Deposit,ACH,,,8000.00,8000
12/17/24,12/17/24,12/18/24,KO,"Coca-Cola
CUSIP: 191216100
Dividend Reinvestment",Buy,0.115475,$63.39 ,-7.32,7.32
12/17/24,12/17/24,12/18/24,GOOGL,"Alphabet Class A
CUSIP: 02079K305
Dividend Reinvestment",Buy,0.01667,$196.76 ,-3.28,3.28
12/17/24,12/17/24,12/18/24,VOO,"Vanguard S&P 500 ETF
CUSIP: 922908363",Buy,4,$554.70 ,-2218.80,2218.8
12/17/24,12/17/24,12/18/24,TNYA,"Tenaya Therapeutics
CUSIP: 87990A106",Buy,1000,$1.23 ,-1228.40,1228.4
12/17/24,12/17/24,12/18/24,,ACH Deposit,ACH,,,5000.00,5000
12/17/24,12/17/24,12/18/24,SCHD,"Schwab US Dividend Equity ETF
CUSIP: 808524797
Dividend Reinvestment",Buy,0.685361,$27.87 ,-19.10,19.1
12/16/24,12/16/24,12/16/24,SCHD,Cash Div: R/D 2024-12-11 P/D 2024-12-16 - 72.21963 shares at 0.2645,CDIV,,,19.10,19.1
12/16/24,12/16/24,12/16/24,KO,Cash Div: R/D 2024-11-29 P/D 2024-12-16 - 15.102883 shares at 0.485,CDIV,,,7.32,7.32
12/16/24,12/16/24,12/16/24,GOOGL,Cash Div: R/D 2024-12-09 P/D 2024-12-16 - 16.405604 shares at 0.2,CDIV,,,3.28,3.28
12/16/24,12/16/24,12/17/24,CCJ,"Cameco
CUSIP: 13321L108
Dividend Reinvestment",Buy,0.015823,$54.35 ,-0.86,0.86
12/13/24,12/13/24,12/13/24,CCJ,Foreign Tax Witholding at $0.15,DTAX,,,-0.15,0.15
12/13/24,12/13/24,12/13/24,CCJ,Cash Div: R/D 2024-11-27 P/D 2024-12-13 - 8.946944 shares at 0.112332,CDIV,,,1.01,1.01
12/13/24,12/13/24,12/16/24,MSFT,"Microsoft
CUSIP: 594918104
Dividend Reinvestment",Buy,0.049142,$449.50 ,-22.09,22.09
12/12/24,12/12/24,12/12/24,MSFT,Cash Div: R/D 2024-11-21 P/D 2024-12-12 - 26.613177 shares at 0.83,CDIV,,,22.09,22.09
12/11/24,12/11/24,12/11/24,,Gold Subscription Fee,GOLD,,,-5.00,5
12/3/24,12/3/24,12/4/24,PFE,"Pfizer
CUSIP: 717081103
Dividend Reinvestment",Buy,0.038001,$25.79 ,-0.98,0.98
12/2/24,12/2/24,12/2/24,PFE,Cash Div: R/D 2024-11-08 P/D 2024-12-02 - 2.336356 shares at 0.42,CDIV,,,0.98,0.98
12/2/24,12/2/24,12/3/24,SBUX,"Starbucks
CUSIP: 855244109
Dividend Reinvestment",Buy,0.013083,$100.13 ,-1.31,1.31
12/2/24,12/2/24,12/2/24,,Gold Deposit Boost Payment,GDBP,,,17.72,17.72
11/29/24,11/29/24,11/29/24,SBUX,Cash Div: R/D 2024-11-15 P/D 2024-11-29 - 2.148608 shares at 0.61,CDIV,,,1.31,1.31
11/29/24,11/29/24,11/29/24,,Interest Payment,INT,,,1.04,1.04
11/29/24,11/29/24,12/2/24,RKLB,"Rocket Lab USA
CUSIP: 773122106",Buy,96,$27.39 ,-2629.44,2629.44
11/29/24,11/29/24,12/2/24,RKLB,"Rocket Lab USA
CUSIP: 773122106",Buy,14,$27.39 ,-383.46,383.46
11/29/24,11/29/24,12/2/24,,ACH Deposit,ACH,,,3000.00,3000
11/29/24,11/29/24,12/2/24,RDDT,"Reddit
CUSIP: 75734B100",Buy,20,$141.20 ,-2824.00,2824
11/29/24,11/29/24,12/2/24,,ACH Deposit,ACH,,,3000.00,3000
11/27/24,11/27/24,11/29/24,LUNR,"Intuitive Machines
CUSIP: 46125A100",Buy,35,$13.96 ,-488.43,488.43
11/27/24,11/27/24,11/29/24,TNYA,"Tenaya Therapeutics
CUSIP: 87990A106",Buy,500,$3.03 ,-1512.55,1512.55
11/27/24,11/27/24,11/29/24,GOOGL,"Alphabet Class A
CUSIP: 02079K305",Sell,11.84132,$168.90 ,1999.94,1999.94
11/27/24,11/27/24,11/29/24,TNYA,"Tenaya Therapeutics
CUSIP: 87990A106",Buy,50,$3.04 ,-152.00,152
11/27/24,11/27/24,11/29/24,TNYA,"Tenaya Therapeutics
CUSIP: 87990A106",Buy,200,$3.04 ,-608.00,608
11/27/24,11/27/24,11/29/24,RKLB,"Rocket Lab USA
CUSIP: 773122106",Buy,50,$27.04 ,-1352.25,1352.25
11/27/24,11/27/24,11/29/24,TNYA,"Tenaya Therapeutics
CUSIP: 87990A106",Buy,500,$3.65 ,-1824.95,1824.95
11/27/24,11/27/24,11/29/24,MSTR,"Strategy Inc.
CUSIP: 594972408",Buy,3,$381.65 ,-1144.95,1144.95
11/27/24,11/27/24,11/29/24,,ACH Deposit,ACH,,,5000.00,5000
11/18/24,11/18/24,11/19/24,TNYA,"Tenaya Therapeutics
CUSIP: 87990A106",Buy,334,$2.10 ,-701.40,701.4
11/18/24,11/18/24,11/19/24,TNYA,"Tenaya Therapeutics
CUSIP: 87990A106",Buy,10,$2.10 ,-21.00,21
11/18/24,11/18/24,11/19/24,TNYA,"Tenaya Therapeutics
CUSIP: 87990A106",Buy,156,$2.10 ,-327.58,327.58
11/18/24,11/18/24,11/19/24,,ACH Deposit,ACH,,,1000.00,1000
11/15/24,11/15/24,11/18/24,AAPL,"Apple
CUSIP: 037833100
Dividend Reinvestment",Buy,0.009528,$224.59 ,-2.14,2.14
11/14/24,11/14/24,11/14/24,AAPL,Cash Div: R/D 2024-11-11 P/D 2024-11-14 - 8.551517 shares at 0.25,CDIV,,,2.14,2.14
11/13/24,11/13/24,11/14/24,LUNR,"Intuitive Machines
CUSIP: 46125A100",Buy,108.997677,$11.93 ,-1299.83,1299.83
11/13/24,11/13/24,11/14/24,LUNR,"Intuitive Machines
CUSIP: 46125A100",Buy,0.014675,$11.92 ,-0.17,0.17
11/13/24,11/13/24,11/14/24,,ACH Deposit,ACH,,,1000.00,1000
11/11/24,11/11/24,11/11/24,,Gold Subscription Fee,GOLD,,,-5.00,5
11/5/24,11/5/24,11/5/24,,Event Contracts Inter-Entity Cash Transfer,FUTSWP,,,-47.00,47
11/1/24,11/1/24,11/4/24,KO,Option Expiration for KO 11/1/2024 Put $64.00,OEXP,1S,,,0
11/1/24,11/1/24,11/4/24,KO,Option Expiration for KO 11/1/2024 Call $74.00,OEXP,1S,,,0
11/1/24,11/1/24,11/4/24,SPY,"SPDR S&P 500 ETF
CUSIP: 78462F103
Dividend Reinvestment",Buy,0.086223,$575.02 ,-49.58,49.58
11/1/24,11/1/24,11/4/24,QQQ,"Invesco QQQ
CUSIP: 46090E103
Dividend Reinvestment",Buy,0.005753,$490.18 ,-2.82,2.82
11/1/24,11/1/24,11/1/24,,Gold Deposit Boost Payment,GDBP,,,16.48,16.48
10/31/24,10/31/24,10/31/24,QQQ,Cash Div: R/D 2024-09-23 P/D 2024-10-31 - 4.16892 shares at 0.67686,CDIV,,,2.82,2.82
10/31/24,10/31/24,10/31/24,SPY,Cash Div: R/D 2024-09-20 P/D 2024-10-31 - 28.402966 shares at 1.745531,CDIV,,,49.58,49.58
10/31/24,10/31/24,10/31/24,,Interest Payment,INT,,,6.76,6.76
10/23/24,10/23/24,10/24/24,SPY,"SPDR S&P 500 ETF
CUSIP: 78462F103",Buy,0.51667,$580.64 ,-300.00,300
10/22/24,10/22/24,10/23/24,KO,KO 11/1/2024 Call $74.00,BTO,1,$0.06 ,-6.03,6.03
10/22/24,10/22/24,10/23/24,KO,KO 11/1/2024 Put $64.00,BTO,1,$0.08 ,-8.03,8.03
10/22/24,10/22/24,10/23/24,,ACH Deposit,ACH,,,800.00,800
10/22/24,10/22/24,10/23/24,BLK,"Blackrock, Inc.
CUSIP: 09290D101",Buy,0.999379,$995.11 ,-994.49,994.49
10/22/24,10/22/24,10/23/24,BLK,"Blackrock, Inc.
CUSIP: 09290D101",Buy,0.005545,$994.48 ,-5.51,5.51
10/22/24,10/22/24,10/23/24,OKLO,"Oklo
CUSIP: 02156V109",Buy,49,$19.83 ,-971.67,971.67
10/22/24,10/22/24,10/23/24,OKLO,"Oklo
CUSIP: 02156V109",Buy,0.062027,$19.83 ,-1.23,1.23
10/22/24,10/22/24,10/23/24,OKLO,"Oklo
CUSIP: 02156V109",Buy,1.365147,$19.86 ,-27.10,27.1
10/22/24,10/22/24,10/23/24,QQQ,"Invesco QQQ
CUSIP: 46090E103",Buy,0.999918,$493.10 ,-493.06,493.06
10/22/24,10/22/24,10/23/24,QQQ,"Invesco QQQ
CUSIP: 46090E103",Buy,0.014085,$493.06 ,-6.94,6.94
10/22/24,10/22/24,10/23/24,PLTR,"Palantir Technologies
CUSIP: 69608A108",Buy,11.634671,$42.97 ,-499.94,499.94
10/22/24,10/22/24,10/23/24,PLTR,"Palantir Technologies
CUSIP: 69608A108",Buy,0.001396,$42.97 ,-0.06,0.06
10/21/24,10/21/24,10/22/24,TSLA,"Tesla
CUSIP: 88160R101",Sell,6,$217.76 ,1306.52,1306.52
10/21/24,10/21/24,10/22/24,TSLA,"Tesla
CUSIP: 88160R101",Sell,0.047118,$217.76 ,10.26,10.26
10/18/24,10/18/24,10/21/24,OKLO,"Oklo
CUSIP: 02156V109",Sell,41.80602,$18.78 ,784.88,784.88
10/18/24,10/18/24,10/21/24,RDDT,"Reddit
CUSIP: 75734B100",Buy,6.5223,$76.66 ,-500.00,500
10/17/24,10/17/24,10/18/24,GOOGL,"Alphabet Class A
CUSIP: 02079K305",Buy,3.04636,$164.13 ,-500.00,500
10/17/24,10/17/24,10/18/24,PLTR,"Palantir Technologies
CUSIP: 69608A108",Buy,10,$41.94 ,-419.38,419.38
10/17/24,10/17/24,10/18/24,,ACH Deposit,ACH,,,800.00,800
10/17/24,10/17/24,10/18/24,CCJ,"Cameco
CUSIP: 13321L108",Buy,8.946944,$55.88 ,-500.00,500
10/17/24,10/17/24,10/18/24,F,"Ford Motor
CUSIP: 345370860",Sell,68.81245,$11.05 ,760.34,760.34
10/15/24,10/15/24,10/16/24,,ACH Deposit,ACH,,,1000.00,1000
10/15/24,10/15/24,10/16/24,VST,"Vistra
CUSIP: 92840M102",Buy,3.85499,$129.70 ,-500.00,500
10/15/24,10/15/24,10/16/24,OKLO,"Oklo
CUSIP: 02156V109",Buy,41.80602,$11.96 ,-500.00,500
10/15/24,10/15/24,10/16/24,SMR,"NuScale Power
CUSIP: 67079K100",Buy,35.617609,$14.04 ,-500.00,500
10/15/24,10/15/24,10/16/24,MSFT,"Microsoft
CUSIP: 594918104",Buy,2.39658,$417.26 ,-1000.00,1000
10/15/24,10/15/24,10/16/24,,ACH Deposit,ACH,,,1000.00,1000
10/15/24,10/15/24,10/16/24,VOO,"Vanguard S&P 500 ETF
CUSIP: 922908363",Buy,1.8687,$535.13 ,-1000.00,1000
10/14/24,10/14/24,10/14/24,,Gold Subscription Fee,GOLD,,,-5.00,5
10/11/24,10/11/24,10/11/24,SCHD,"Schwab US Dividend Equity ETF
CUSIP: 808524797",SPL,48.1464,,,0
10/9/24,10/9/24,10/10/24,CRM,"Salesforce
CUSIP: 79466L302
Dividend Reinvestment",Buy,0.00692,$289.00 ,-2.00,2
10/8/24,10/8/24,10/8/24,CRM,Cash Div: R/D 2024-09-18 P/D 2024-10-08 - 5.007578 shares at 0.4,CDIV,,,2.00,2
10/4/24,10/4/24,10/7/24,NVDA,"NVIDIA
CUSIP: 67066G104
Dividend Reinvestment",Buy,0.00798,$122.80 ,-0.98,0.98
10/4/24,10/4/24,10/7/24,TQQQ,"ProShares UltraPro QQQ
CUSIP: 74347X831",Sell,13.66122,$72.13 ,985.35,985.35
10/3/24,10/3/24,10/3/24,NVDA,Cash Div: R/D 2024-09-12 P/D 2024-10-03 - 98.26955 shares at 0.01,CDIV,,,0.98,0.98
10/2/24,10/2/24,10/3/24,VOO,"Vanguard S&P 500 ETF
CUSIP: 922908363
Dividend Reinvestment",Buy,0.058701,$522.47 ,-30.67,30.67
10/2/24,10/2/24,10/3/24,NKE,"Nike
CUSIP: 654106103
Dividend Reinvestment",Buy,0.009281,$82.96 ,-0.77,0.77
10/2/24,10/2/24,10/3/24,KO,"Coca-Cola
CUSIP: 191216100
Dividend Reinvestment",Buy,0.102883,$70.76 ,-7.28,7.28
10/2/24,10/2/24,10/2/24,BLK,"Blackrock, Inc.
CUSIP: 09290D101",SXCH,6.3577,,,0
10/2/24,10/2/24,10/2/24,BLK,"BlackRock
CUSIP: 09247X101",SXCH,6.3577S,,,0
10/1/24,10/1/24,10/1/24,KO,Cash Div: R/D 2024-09-13 P/D 2024-10-01 - 15 shares at 0.485,CDIV,,,7.28,7.28
10/1/24,10/1/24,10/1/24,VOO,Cash Div: R/D 2024-09-27 P/D 2024-10-01 - 18.716342 shares at 1.6386,CDIV,,,30.67,30.67
10/1/24,10/1/24,10/1/24,NKE,Cash Div: R/D 2024-09-03 P/D 2024-10-01 - 2.076065 shares at 0.37,CDIV,,,0.77,0.77
10/1/24,10/1/24,10/2/24,MSFT,"Microsoft
CUSIP: 594918104",Buy,2.38208,$419.80 ,-1000.00,1000
10/1/24,10/1/24,10/2/24,SPY,"SPDR S&P 500 ETF
CUSIP: 78462F103",Buy,2.6469,$566.70 ,-1500.00,1500
10/1/24,10/1/24,10/1/24,,Gold Deposit Boost Payment,GDBP,,,0.49,0.49
10/1/24,10/1/24,10/2/24,SPY,"SPDR S&P 500 ETF
CUSIP: 78462F103",Buy,1.64084,$568.00 ,-932.00,932
10/1/24,10/1/24,10/2/24,SPY,"SPDR S&P 500 ETF
CUSIP: 78462F103",Buy,1,$568.00 ,-568.00,568
10/1/24,10/1/24,10/2/24,SCHD,"Schwab US Dividend Equity ETF
CUSIP: 808524797
Dividend Reinvestment",Buy,0.21398,$84.12 ,-18.00,18
10/1/24,10/1/24,10/1/24,,Gold Deposit Boost Payment,GDBP,,,11.63,11.63
9/30/24,9/30/24,9/30/24,SCHD,Cash Div: R/D 2024-09-25 P/D 2024-09-30 - 23.85923 shares at 0.7545,CDIV,,,18.00,18
9/30/24,9/30/24,9/30/24,,Interest Payment,INT,,,34.64,34.64
9/27/24,9/27/24,9/30/24,VOO,"Vanguard S&P 500 ETF
CUSIP: 922908363",Buy,1.897173,$527.10 ,-1000.00,1000
9/26/24,9/26/24,9/27/24,TQQQ,"ProShares UltraPro QQQ
CUSIP: 74347X831",Buy,13.66122,$73.20 ,-1000.00,1000
9/26/24,9/26/24,9/27/24,QQQ,"Invesco QQQ
CUSIP: 46090E103",Buy,3.07736,$487.43 ,-1500.00,1500
9/25/24,9/25/24,9/26/24,TQQQ,"ProShares UltraPro QQQ
CUSIP: 74347X831",Sell,2.804262,$72.11 ,202.22,202.22
9/25/24,9/25/24,9/26/24,PLTR,"Palantir Technologies
CUSIP: 69608A108",Buy,27.40101,$36.50 ,-1000.00,1000
9/25/24,9/25/24,9/26/24,NVDA,"NVIDIA
CUSIP: 67066G104",Buy,16.10305,$124.20 ,-2000.00,2000
9/25/24,9/25/24,9/26/24,VOO,"Vanguard S&P 500 ETF
CUSIP: 922908363",Buy,3.79719,$526.70 ,-2000.00,2000
9/25/24,9/25/24,9/26/24,,ACH Deposit,ACH,,,7000.00,7000
9/25/24,9/25/24,9/26/24,TQQQ,"ProShares UltraPro QQQ
CUSIP: 74347X831",Buy,2.804262,$71.32 ,-200.00,200
9/24/24,9/24/24,9/25/24,TQQQ,"ProShares UltraPro QQQ
CUSIP: 74347X831",Sell,2.79174,$71.83 ,200.53,200.53
9/24/24,9/24/24,9/25/24,TQQQ,"ProShares UltraPro QQQ
CUSIP: 74347X831",Buy,2.79174,$71.64 ,-200.00,200
9/24/24,9/24/24,9/25/24,BLK,"BlackRock
CUSIP: 09247X101
Dividend Reinvestment",Buy,0.034508,$934.55 ,-32.25,32.25
9/24/24,9/24/24,9/25/24,ME,"23andMe
CUSIP: 90138Q108",Sell,2721,$0.35 ,945.61,945.61
9/24/24,9/24/24,9/25/24,LUNR,"Intuitive Machines
CUSIP: 46125A100",Buy,122,$8.16 ,-994.91,994.91
9/24/24,9/24/24,9/25/24,LUNR,"Intuitive Machines
CUSIP: 46125A100",Buy,0.624156,$8.16 ,-5.09,5.09
9/23/24,9/23/24,9/23/24,BLK,Cash Div: R/D 2024-09-09 P/D 2024-09-23 - 6.323144 shares at 5.1,CDIV,,,32.25,32.25
9/20/24,9/20/24,9/23/24,,ACH Deposit,ACH,,,2000.00,2000
9/20/24,9/20/24,9/23/24,QQQ,"Invesco QQQ
CUSIP: 46090E103",Buy,4.16892,$479.74 ,-2000.00,2000
9/18/24,9/18/24,9/19/24,ME,"23andMe
CUSIP: 90138Q108",Buy,2721,$0.35 ,-952.35,952.35
9/17/24,9/17/24,9/18/24,GOOGL,"Alphabet Class A
CUSIP: 02079K305
Dividend Reinvestment",Buy,0.031538,$159.49 ,-5.03,5.03
9/16/24,9/16/24,9/16/24,GOOGL,Cash Div: R/D 2024-09-09 P/D 2024-09-16 - 25.169026 shares at 0.2,CDIV,,,5.03,5.03
9/16/24,9/16/24,9/17/24,SCHD,"Schwab US Dividend Equity ETF
CUSIP: 808524797",Buy,23.85923,$83.82 ,-2000.00,2000
9/16/24,9/16/24,9/17/24,SPY,"SPDR S&P 500 ETF
CUSIP: 78462F103",Buy,1.78256,$560.99 ,-1000.00,1000
9/16/24,9/16/24,9/17/24,,ACH Deposit,ACH,,,3000.00,3000
9/13/24,9/13/24,9/16/24,MSFT,"Microsoft
CUSIP: 594918104
Dividend Reinvestment",Buy,0.038263,$427.30 ,-16.35,16.35
9/12/24,9/12/24,9/12/24,MSFT,Cash Div: R/D 2024-08-15 P/D 2024-09-12 - 21.796254 shares at 0.75,CDIV,,,16.35,16.35
9/12/24,9/12/24,9/12/24,,Gold Subscription Fee,GOLD,,,-5.00,5
9/6/24,9/6/24,9/9/24,NVDA,"NVIDIA
CUSIP: 67066G104",Buy,9.81546,$101.88 ,-1000.00,1000
9/6/24,9/6/24,9/9/24,VOO,"Vanguard S&P 500 ETF
CUSIP: 922908363",Buy,4.02309,$497.13 ,-2000.00,2000
9/4/24,9/4/24,9/5/24,PFE,"Pfizer
CUSIP: 717081103
Dividend Reinvestment",Buy,0.034299,$28.28 ,-0.97,0.97
9/4/24,9/4/24,9/5/24,F,"Ford Motor
CUSIP: 345370860
Dividend Reinvestment",Buy,0.918772,$11.08 ,-10.18,10.18
9/3/24,9/3/24,9/3/24,F,Cash Div: R/D 2024-08-07 P/D 2024-09-03 - 67.893678 shares at 0.15,CDIV,,,10.18,10.18
9/3/24,9/3/24,9/3/24,PFE,Cash Div: R/D 2024-07-26 P/D 2024-09-03 - 2.302057 shares at 0.42,CDIV,,,0.97,0.97
9/3/24,9/3/24,9/4/24,,ACH Deposit,ACH,,,2000.00,2000
9/3/24,9/3/24,9/4/24,VOO,"Vanguard S&P 500 ETF
CUSIP: 922908363",Buy,3.932985,$508.52 ,-2000.00,2000
9/3/24,9/3/24,9/4/24,SBUX,"Starbucks
CUSIP: 855244109
Dividend Reinvestment",Buy,0.013005,$93.81 ,-1.22,1.22
9/3/24,9/3/24,9/3/24,,Gold Deposit Boost Payment,GDBP,,,6.89,6.89
8/30/24,8/30/24,8/30/24,SBUX,Cash Div: R/D 2024-08-16 P/D 2024-08-30 - 2.135603 shares at 0.57,CDIV,,,1.22,1.22
8/30/24,8/30/24,8/30/24,,Interest Payment,INT,,,27.84,27.84
8/29/24,8/29/24,8/30/24,,ACH Deposit,ACH,,,3000.00,3000
8/22/24,8/22/24,8/23/24,SPY,"SPDR S&P 500 ETF
CUSIP: 78462F103",Buy,0.899968,$555.58 ,-500.00,500
8/22/24,8/22/24,8/23/24,SPY,"SPDR S&P 500 ETF
CUSIP: 78462F103",Buy,0.89641,$557.78 ,-500.00,500
8/22/24,8/22/24,8/23/24,RKLB,"Rocket Lab USA
CUSIP: 773122106",Buy,214.745884,$6.98 ,-1499.57,1499.57
8/22/24,8/22/24,8/23/24,RKLB,"Rocket Lab USA
CUSIP: 773122106",Buy,0.061578,$6.98 ,-0.43,0.43
8/19/24,8/19/24,8/20/24,,ACH Deposit,ACH,,,6000.00,6000
8/19/24,8/19/24,8/20/24,,ACH Deposit,ACH,,,1000.00,1000
8/16/24,8/16/24,8/19/24,AAPL,"Apple
CUSIP: 037833100
Dividend Reinvestment",Buy,0.009528,$224.58 ,-2.14,2.14
8/15/24,8/15/24,8/15/24,AAPL,Cash Div: R/D 2024-08-12 P/D 2024-08-15 - 8.541989 shares at 0.25,CDIV,,,2.14,2.14
8/13/24,8/13/24,8/13/24,,Gold Subscription Fee,GOLD,,,-5.00,5
8/7/24,8/7/24,8/8/24,SPY,"SPDR S&P 500 ETF
CUSIP: 78462F103",Buy,1.91127,$523.21 ,-1000.00,1000
8/1/24,8/1/24,8/2/24,SPY,"SPDR S&P 500 ETF
CUSIP: 78462F103
Dividend Reinvestment",Buy,0.058593,$549.21 ,-32.18,32.18
8/1/24,8/1/24,8/1/24,,Gold Deposit Boost Payment,GDBP,,,2.87,2.87
7/31/24,7/31/24,7/31/24,SPY,Cash Div: R/D 2024-06-21 P/D 2024-07-31 - 18.29339 shares at 1.759024,CDIV,,,32.18,32.18
7/31/24,7/31/24,7/31/24,,Interest Payment,INT,,,13.06,13.06
7/26/24,7/26/24,7/29/24,CRM,"Salesforce
CUSIP: 79466L302
Dividend Reinvestment",Buy,0.007578,$263.91 ,-2.00,2
7/25/24,7/25/24,7/25/24,CRM,Cash Div: R/D 2024-07-09 P/D 2024-07-25 - 5 shares at 0.4,CDIV,,,2.00,2
7/25/24,7/25/24,7/26/24,SPY,"SPDR S&P 500 ETF
CUSIP: 78462F103",Buy,1.85084,$540.30 ,-1000.00,1000
7/24/24,7/24/24,7/25/24,NVDA,"NVIDIA
CUSIP: 67066G104",Buy,8.705106,$114.88 ,-1000.00,1000
7/24/24,7/24/24,7/25/24,KO,"Coca-Cola
CUSIP: 191216100",Buy,5,$65.88 ,-329.38,329.38
7/24/24,7/24/24,7/25/24,NVDA,"NVIDIA
CUSIP: 67066G104",Buy,4,$114.75 ,-459.00,459
7/24/24,7/24/24,7/25/24,SPY,"SPDR S&P 500 ETF
CUSIP: 78462F103",Buy,0.922425,$542.05 ,-500.00,500
7/18/24,7/18/24,7/19/24,MSFT,"Microsoft
CUSIP: 594918104",Buy,4.5557,$439.01 ,-2000.00,2000
7/18/24,7/18/24,7/19/24,,ACH Deposit,ACH,,,10000.00,10000
7/18/24,7/18/24,7/19/24,SPY,"SPDR S&P 500 ETF
CUSIP: 78462F103",Buy,1.78751,$559.44 ,-1000.00,1000
7/17/24,7/17/24,7/18/24,,ACH Deposit,ACH,,,1000.00,1000
7/16/24,7/16/24,7/17/24,NVDA,"NVIDIA
CUSIP: 67066G104",Buy,2.58679,$125.66 ,-325.07,325.07
7/15/24,7/15/24,7/15/24,,Gold Subscription Fee,GOLD,,,-5.00,5
7/11/24,7/11/24,7/12/24,KO,"Coca-Cola
CUSIP: 191216100",Buy,10,$63.14 ,-631.35,631.35
7/11/24,7/11/24,7/12/24,PLTR,"Palantir Technologies
CUSIP: 69608A108",Buy,40,$27.27 ,-1090.67,1090.67
7/9/24,7/9/24,7/10/24,,ACH Deposit,ACH,,,2000.00,2000
7/3/24,7/3/24,7/5/24,VOO,"Vanguard S&P 500 ETF
CUSIP: 922908363
Dividend Reinvestment",Buy,0.024497,$504.94 ,-12.37,12.37
7/2/24,7/2/24,7/2/24,VOO,Cash Div: R/D 2024-06-28 P/D 2024-07-02 - 6.93858 shares at 1.7835,CDIV,,,12.37,12.37
7/2/24,7/2/24,7/3/24,NKE,"Nike
CUSIP: 654106103
Dividend Reinvestment",Buy,0.010046,$75.65 ,-0.76,0.76
7/1/24,7/1/24,7/1/24,NKE,Cash Div: R/D 2024-06-03 P/D 2024-07-01 - 2.066019 shares at 0.37,CDIV,,,0.76,0.76
7/1/24,7/1/24,7/2/24,NVDA,"NVIDIA
CUSIP: 67066G104
Dividend Reinvestment",Buy,0.005744,$121.85 ,-0.70,0.7
7/1/24,7/1/24,7/1/24,,Gold Deposit Boost Payment,GDBP,,,0.15,0.15
6/28/24,6/28/24,6/28/24,,Interest Payment,INT,,,2.62,2.62
6/28/24,6/28/24,6/28/24,NVDA,Cash Div: R/D 2024-06-11 P/D 2024-06-28 - 70.10547 shares at 0.01,CDIV,,,0.70,0.7
6/25/24,6/25/24,6/26/24,BLK,"BlackRock
CUSIP: 09247X101
Dividend Reinvestment",Buy,0.037195,$793.37 ,-29.51,29.51
6/24/24,6/24/24,6/24/24,BLK,Cash Div: R/D 2024-06-07 P/D 2024-06-24 - 5.785949 shares at 5.1,CDIV,,,29.51,29.51
6/18/24,6/18/24,6/20/24,GOOGL,"Alphabet Class A
CUSIP: 02079K305
Dividend Reinvestment",Buy,0.028501,$176.48 ,-5.03,5.03
6/17/24,6/17/24,6/17/24,GOOGL,Cash Div: R/D 2024-06-10 P/D 2024-06-17 - 25.140525 shares at 0.2,CDIV,,,5.03,5.03
6/17/24,6/17/24,6/18/24,ASTS,"AST SpaceMobile
CUSIP: 00217D100",Buy,75,$11.58 ,-868.46,868.46
6/17/24,6/17/24,6/18/24,SPY,"SPDR S&P 500 ETF
CUSIP: 78462F103",Buy,1,$543.80 ,-543.81,543.81
6/17/24,6/17/24,6/18/24,NVDA,"NVIDIA
CUSIP: 67066G104",Buy,3.05098,$131.10 ,-400.00,400
6/17/24,6/17/24,6/18/24,,ACH Deposit,ACH,,,800.00,800
6/17/24,6/17/24,6/18/24,PFE,"Pfizer
CUSIP: 717081103
Dividend Reinvestment",Buy,0.034875,$27.24 ,-0.95,0.95
6/14/24,6/14/24,6/14/24,PFE,Cash Div: R/D 2024-05-10 P/D 2024-06-14 - 2.267182 shares at 0.42,CDIV,,,0.95,0.95
6/14/24,6/14/24,6/17/24,MSFT,"Microsoft
CUSIP: 594918104
Dividend Reinvestment",Buy,0.027222,$441.18 ,-12.01,12.01
6/14/24,6/14/24,6/14/24,,Gold Subscription Fee,GOLD,,,-5.00,5
6/13/24,6/13/24,6/13/24,MSFT,Cash Div: R/D 2024-05-16 P/D 2024-06-13 - 16.007792 shares at 0.75,CDIV,,,12.01,12.01
6/11/24,6/11/24,6/12/24,VOO,"Vanguard S&P 500 ETF
CUSIP: 922908363",Buy,2,$492.94 ,-985.88,985.88
6/10/24,6/10/24,6/10/24,NVDA,"NVIDIA
CUSIP: 67066G104",SPL,63.0949,,,0
6/7/24,6/7/24,6/10/24,,ACH Deposit,ACH,,,1500.00,1500
6/7/24,6/7/24,6/10/24,BLK,"BlackRock
CUSIP: 09247X101",Buy,0.5,$771.99 ,-386.00,386
6/4/24,6/4/24,6/5/24,F,"Ford Motor
CUSIP: 345370860
Dividend Reinvestment",Buy,0.830033,$12.12 ,-10.06,10.06
6/3/24,6/3/24,6/3/24,F,Cash Div: R/D 2024-05-08 P/D 2024-06-03 - 67.063645 shares at 0.15,CDIV,,,10.06,10.06
6/3/24,6/3/24,6/4/24,SBUX,"Starbucks
CUSIP: 855244109
Dividend Reinvestment",Buy,0.014912,$81.14 ,-1.21,1.21
5/31/24,5/31/24,5/31/24,,Interest Payment,INT,,,21.48,21.48
5/31/24,5/31/24,5/31/24,SBUX,Cash Div: R/D 2024-05-17 P/D 2024-05-31 - 2.120691 shares at 0.57,CDIV,,,1.21,1.21
5/30/24,5/30/24,5/31/24,CRM,"Salesforce
CUSIP: 79466L302",Buy,5,$217.76 ,-1088.78,1088.78
5/30/24,5/30/24,5/31/24,NVDA,"NVIDIA
CUSIP: 67066G104",Buy,0.451878,"$1,106.49 ",-500.00,500
5/30/24,5/30/24,5/31/24,VOO,"Vanguard S&P 500 ETF
CUSIP: 922908363",Buy,1,$480.29 ,-480.29,480.29
5/30/24,5/30/24,5/31/24,VOO,"Vanguard S&P 500 ETF
CUSIP: 922908363",Buy,0.00002,$480.29 ,-0.01,0.01
5/30/24,5/30/24,5/31/24,VOO,"Vanguard S&P 500 ETF
CUSIP: 922908363",Buy,0.041016,$480.30 ,-19.70,19.7
5/30/24,5/30/24,5/31/24,BLK,"BlackRock
CUSIP: 09247X101",Buy,0.657371,$760.60 ,-500.00,500
5/30/24,5/30/24,5/31/24,MSFT,"Microsoft
CUSIP: 594918104",Buy,0.999951,$414.76 ,-414.74,414.74
5/30/24,5/30/24,5/31/24,MSFT,"Microsoft
CUSIP: 594918104",Buy,0.205589,$414.74 ,-85.26,85.26
5/29/24,5/29/24,5/30/24,SPY,"SPDR S&P 500 ETF
CUSIP: 78462F103",Buy,1.897875,$526.90 ,-1000.00,1000
5/28/24,5/28/24,5/29/24,NVDA,"NVIDIA
CUSIP: 67066G104",Buy,2.737226,"$1,096.00 ",-3000.00,3000
5/28/24,5/28/24,5/29/24,SPY,"SPDR S&P 500 ETF
CUSIP: 78462F103",Buy,1.886223,$530.16 ,-1000.00,1000
5/17/24,5/17/24,5/21/24,SPY,"SPDR S&P 500 ETF
CUSIP: 78462F103",Buy,0.756694,$528.62 ,-400.00,400
5/17/24,5/17/24,5/21/24,NVDA,"NVIDIA
CUSIP: 67066G104",Buy,0.428377,$933.76 ,-400.00,400
5/17/24,5/17/24,5/20/24,,ACH Deposit,ACH,,,800.00,800
5/17/24,5/17/24,5/21/24,AAPL,"Apple
CUSIP: 037833100
Dividend Reinvestment",Buy,0.011199,$190.19 ,-2.13,2.13
5/16/24,5/16/24,5/16/24,AAPL,Cash Div: R/D 2024-05-13 P/D 2024-05-16 - 8.53079 shares at 0.25,CDIV,,,2.13,2.13
5/15/24,5/15/24,5/15/24,,Gold Subscription Fee,GOLD,,,-5.00,5
5/13/24,5/13/24,5/14/24,,ACH Deposit,ACH,,,10000.00,10000
5/1/24,5/1/24,5/3/24,SPY,"SPDR S&P 500 ETF
CUSIP: 78462F103
Dividend Reinvestment",Buy,0.033109,$500.77 ,-16.58,16.58
4/30/24,4/30/24,4/30/24,,Interest Payment,INT,,,0.28,0.28
4/30/24,4/30/24,4/30/24,SPY,Cash Div: R/D 2024-03-18 P/D 2024-04-30 - 10.397445 shares at 1.594937,CDIV,,,16.58,16.58
4/17/24,4/17/24,4/18/24,,ACH Deposit,ACH,,,1000.00,1000
4/17/24,4/17/24,4/19/24,MSFT,"Microsoft
CUSIP: 594918104",Buy,1.425661,$417.35 ,-595.00,595
4/17/24,4/17/24,4/19/24,SPY,"SPDR S&P 500 ETF
CUSIP: 78462F103",Buy,0.791906,$505.11 ,-400.00,400
4/17/24,4/17/24,4/19/24,NVDA,"NVIDIA
CUSIP: 67066G104",Buy,0.909426,$879.68 ,-800.00,800
4/17/24,4/17/24,4/18/24,,ACH Deposit,ACH,,,1800.00,1800
4/15/24,4/15/24,4/15/24,,Gold Subscription Fee,GOLD,,,-5.00,5
4/2/24,4/2/24,4/4/24,NKE,"Nike
CUSIP: 654106103
Dividend Reinvestment",Buy,0.008304,$91.52 ,-0.76,0.76
4/1/24,4/1/24,4/1/24,NKE,Cash Div: R/D 2024-03-04 P/D 2024-04-01 - 2.057715 shares at 0.37,CDIV,,,0.76,0.76
3/28/24,3/28/24,3/28/24,,Interest Payment,INT,,,0.32,0.32
3/28/24,3/28/24,4/2/24,VOO,"Vanguard S&P 500 ETF
CUSIP: 922908363
Dividend Reinvestment",Buy,0.012456,$480.87 ,-5.99,5.99
3/28/24,3/28/24,4/2/24,NVDA,"NVIDIA
CUSIP: 67066G104
Dividend Reinvestment",Buy,0.000077,$906.60 ,-0.07,0.07
3/28/24,3/28/24,4/2/24,SPY,"SPDR S&P 500 ETF
CUSIP: 78462F103",Buy,1.530119,$522.83 ,-799.99,799.99
3/28/24,3/28/24,4/2/24,SPY,"SPDR S&P 500 ETF
CUSIP: 78462F103",Buy,0.000019,$522.83 ,-0.01,0.01
3/27/24,3/27/24,3/27/24,NVDA,Cash Div: R/D 2024-03-06 P/D 2024-03-27 - 1.696143 shares at 0.04,CDIV,,,0.07,0.07
3/27/24,3/27/24,3/27/24,VOO,Cash Div: R/D 2024-03-25 P/D 2024-03-27 - 3.885088 shares at 1.5429,CDIV,,,5.99,5.99
3/25/24,3/25/24,3/27/24,BLK,"BlackRock
CUSIP: 09247X101
Dividend Reinvestment",Buy,0.027702,$824.48 ,-22.84,22.84
3/25/24,3/25/24,3/27/24,NVDA,"NVIDIA
CUSIP: 67066G104",Buy,0.221049,$940.00 ,-207.79,207.79
3/25/24,3/25/24,3/27/24,NVDA,"NVIDIA
CUSIP: 67066G104",Buy,0.000223,$940.00 ,-0.21,0.21
3/25/24,3/25/24,3/26/24,,ACH Deposit,ACH,,,1000.00,1000
3/25/24,3/25/24,3/26/24,,ACH Deposit,ACH,,,800.00,800
3/22/24,3/22/24,3/22/24,BLK,Cash Div: R/D 2024-03-07 P/D 2024-03-22 - 4.477637 shares at 5.1,CDIV,,,22.84,22.84
3/18/24,3/18/24,3/20/24,VOO,"Vanguard S&P 500 ETF
CUSIP: 922908363",Buy,1,$474.12 ,-474.13,474.13
3/18/24,3/18/24,3/20/24,VOO,"Vanguard S&P 500 ETF
CUSIP: 922908363",Buy,0.054869,$474.12 ,-26.01,26.01
3/18/24,3/18/24,3/20/24,BLK,"BlackRock
CUSIP: 09247X101",Buy,0.623239,$802.26 ,-500.00,500
3/18/24,3/18/24,3/20/24,MSFT,"Microsoft
CUSIP: 594918104",Buy,1,$418.68 ,-418.68,418.68
3/18/24,3/18/24,3/20/24,MSFT,"Microsoft
CUSIP: 594918104",Buy,0.194229,$418.68 ,-81.32,81.32
3/18/24,3/18/24,3/20/24,NVDA,"NVIDIA
CUSIP: 67066G104",Buy,0.566148,$883.16 ,-500.00,500
3/18/24,3/18/24,3/19/24,,ACH Deposit,ACH,,,2000.00,2000
3/15/24,3/15/24,3/19/24,VOO,"Vanguard S&P 500 ETF
CUSIP: 922908363",Buy,1.06458,$469.66 ,-500.00,500
3/15/24,3/15/24,3/19/24,MSFT,"Microsoft
CUSIP: 594918104",Buy,1,$414.19 ,-414.19,414.19
3/15/24,3/15/24,3/19/24,MSFT,"Microsoft
CUSIP: 594918104",Buy,0.207175,$414.19 ,-85.81,85.81
3/15/24,3/15/24,3/18/24,,ACH Deposit,ACH,,,1000.00,1000
3/15/24,3/15/24,3/19/24,MSFT,"Microsoft
CUSIP: 594918104
Dividend Reinvestment",Buy,0.02185,$417.39 ,-9.12,9.12
3/14/24,3/14/24,3/14/24,MSFT,Cash Div: R/D 2024-02-15 P/D 2024-03-14 - 12.158877 shares at 0.75,CDIV,,,9.12,9.12
3/4/24,3/4/24,3/6/24,PFE,"Pfizer
CUSIP: 717081103
Dividend Reinvestment",Buy,0.036279,$25.91 ,-0.94,0.94
3/4/24,3/4/24,3/6/24,F,"Ford Motor
CUSIP: 345370860
Dividend Reinvestment",Buy,0.911696,$12.91 ,-11.77,11.77
3/4/24,3/4/24,3/6/24,F,"Ford Motor
CUSIP: 345370860
Dividend Reinvestment",Buy,0.761055,$12.89 ,-9.81,9.81
3/1/24,3/1/24,3/1/24,F,Cash Div: R/D 2024-02-16 P/D 2024-03-01 - 65.390894 shares at 0.15,CDIV,,,9.81,9.81
3/1/24,3/1/24,3/1/24,PFE,Cash Div: R/D 2024-01-26 P/D 2024-03-01 - 2.230903 shares at 0.42,CDIV,,,0.94,0.94
3/1/24,3/1/24,3/1/24,F,Cash Div: R/D 2024-02-16 P/D 2024-03-01 - 65.390894 shares at 0.18,CDIV,,,11.77,11.77
2/29/24,2/29/24,2/29/24,,Interest Payment,INT,,,0.14,0.14
2/26/24,2/26/24,2/28/24,SPY,"SPDR S&P 500 ETF
CUSIP: 78462F103",Buy,0.987057,$507.23 ,-500.67,500.67
2/26/24,2/26/24,2/28/24,NVDA,"NVIDIA
CUSIP: 67066G104",Buy,0.624137,$801.10 ,-500.00,500
2/26/24,2/26/24,2/27/24,,ACH Deposit,ACH,,,1000.00,1000
2/26/24,2/26/24,2/28/24,SBUX,"Starbucks
CUSIP: 855244109
Dividend Reinvestment",Buy,0.012639,$94.94 ,-1.20,1.2
2/23/24,2/23/24,2/23/24,SBUX,Cash Div: R/D 2024-02-09 P/D 2024-02-23 - 2.108052 shares at 0.57,CDIV,,,1.20,1.2
2/16/24,2/16/24,2/21/24,AAPL,"Apple
CUSIP: 037833100
Dividend Reinvestment",Buy,0.011178,$182.49 ,-2.04,2.04
2/15/24,2/15/24,2/15/24,AAPL,Cash Div: R/D 2024-02-12 P/D 2024-02-15 - 8.519612 shares at 0.24,CDIV,,,2.04,2.04
2/2/24,2/2/24,2/5/24,,ACH Deposit,ACH,,,5.00,5
2/2/24,2/2/24,2/2/24,,Gold Subscription Fee,GOLD,,,-5.00,5
1/31/24,1/31/24,1/31/24,,Interest Payment,INT,,,0.67,0.67
1/17/24,1/17/24,1/19/24,SPY,"SPDR S&P 500 ETF
CUSIP: 78462F103",Buy,0.847466,$472.00 ,-400.00,400
1/17/24,1/17/24,1/19/24,RIVN,"Rivian Automotive
CUSIP: 76954A103",Buy,22.993563,$17.09 ,-392.96,392.96
1/17/24,1/17/24,1/19/24,RIVN,"Rivian Automotive
CUSIP: 76954A103",Buy,0.41235,$17.08 ,-7.04,7.04
1/17/24,1/17/24,1/18/24,,ACH Deposit,ACH,,,800.00,800
1/8/24,1/8/24,1/10/24,SPY,"SPDR S&P 500 ETF
CUSIP: 78462F103",Buy,0.062683,$474.12 ,-29.72,29.72
1/8/24,1/8/24,1/9/24,,ACH Deposit,ACH,,,3000.00,3000
1/8/24,1/8/24,1/9/24,,ACH Deposit,ACH,,,1000.00,1000
1/8/24,1/8/24,1/10/24,SPY,"SPDR S&P 500 ETF
CUSIP: 78462F103",Buy,8.500239,$470.58 ,-4000.00,4000
1/8/24,1/8/24,1/9/24,,ACH Deposit,ACH,,,4000.00,4000
1/3/24,1/3/24,1/5/24,NKE,"Nike
CUSIP: 654106103
Dividend Reinvestment",Buy,0.007272,$104.50 ,-0.76,0.76
1/2/24,1/2/24,1/2/24,NKE,Cash Div: R/D 2023-12-04 P/D 2024-01-02 - 2.050443 shares at 0.37,CDIV,,,0.76,0.76
12/27/23,12/27/23,12/29/23,VOO,"Vanguard S&P 500 ETF
CUSIP: 922908363
Dividend Reinvestment",Buy,0.007251,$437.15 ,-3.17,3.17
12/26/23,12/26/23,12/26/23,VOO,Cash Div: R/D 2023-12-21 P/D 2023-12-26 - 1.758388 shares at 1.8011,CDIV,,,3.17,3.17
12/26/23,12/26/23,12/28/23,BLK,"BlackRock
CUSIP: 09247X101
Dividend Reinvestment",Buy,0.018333,$807.27 ,-14.80,14.8
12/22/23,12/22/23,12/22/23,BLK,Cash Div: R/D 2023-12-07 P/D 2023-12-22 - 2.960188 shares at 5,CDIV,,,14.80,14.8
12/18/23,12/18/23,12/20/23,BLK,"BlackRock
CUSIP: 09247X101",Buy,0.500113,$799.82 ,-400.00,400
12/18/23,12/18/23,12/20/23,AAPL,"Apple
CUSIP: 037833100",Buy,2,$194.90 ,-389.79,389.79
12/18/23,12/18/23,12/20/23,AAPL,"Apple
CUSIP: 037833100",Buy,0.052387,$194.90 ,-10.21,10.21
12/18/23,12/18/23,12/19/23,,ACH Deposit,ACH,,,800.00,800
12/15/23,12/15/23,12/19/23,MSFT,"Microsoft
CUSIP: 594918104
Dividend Reinvestment",Buy,0.02262,$370.91 ,-8.39,8.39
12/14/23,12/14/23,12/14/23,MSFT,Cash Div: R/D 2023-11-16 P/D 2023-12-14 - 11.190771 shares at 0.75,CDIV,,,8.39,8.39
12/11/23,12/11/23,12/13/23,MSFT,"Microsoft
CUSIP: 594918104",Buy,0.945486,$369.91 ,-349.74,349.74
12/11/23,12/11/23,12/13/23,BLK,"BlackRock
CUSIP: 09247X101",Buy,0.99895,$752.75 ,-751.96,751.96
12/11/23,12/11/23,12/13/23,BLK,"BlackRock
CUSIP: 09247X101",Buy,0.000053,$752.75 ,-0.04,0.04
12/11/23,12/11/23,12/13/23,NVDA,"NVIDIA
CUSIP: 67066G104",Buy,1,$466.42 ,-466.42,466.42
12/11/23,12/11/23,12/13/23,NVDA,"NVIDIA
CUSIP: 67066G104",Buy,0.072006,$466.42 ,-33.58,33.58
12/11/23,12/11/23,12/12/23,,ACH Deposit,ACH,,,1600.00,1600
12/5/23,12/5/23,12/7/23,PFE,"Pfizer
CUSIP: 717081103
Dividend Reinvestment",Buy,0.030539,$29.47 ,-0.90,0.9
12/4/23,12/4/23,12/4/23,PFE,Cash Div: R/D 2023-11-10 P/D 2023-12-04 - 2.200364 shares at 0.41,CDIV,,,0.90,0.9
12/4/23,12/4/23,12/6/23,F,"Ford Motor
CUSIP: 345370860
Dividend Reinvestment",Buy,0.907129,$10.66 ,-9.67,9.67
12/1/23,12/1/23,12/1/23,F,Cash Div: R/D 2023-11-01 P/D 2023-12-01 - 64.483765 shares at 0.15,CDIV,,,9.67,9.67
11/27/23,11/27/23,11/29/23,SBUX,"Starbucks
CUSIP: 855244109
Dividend Reinvestment",Buy,0.011583,$102.73 ,-1.19,1.19
11/24/23,11/24/23,11/24/23,SBUX,Cash Div: R/D 2023-11-10 P/D 2023-11-24 - 2.096469 shares at 0.57,CDIV,,,1.19,1.19
11/17/23,11/17/23,11/21/23,AAPL,"Apple
CUSIP: 037833100
Dividend Reinvestment",Buy,0.00818,$189.48 ,-1.55,1.55
11/16/23,11/16/23,11/16/23,AAPL,Cash Div: R/D 2023-11-13 P/D 2023-11-16 - 6.459045 shares at 0.24,CDIV,,,1.55,1.55
10/4/23,10/4/23,10/6/23,VOO,"Vanguard S&P 500 ETF
CUSIP: 922908363
Dividend Reinvestment",Buy,0.00674,$387.21 ,-2.61,2.61
10/3/23,10/3/23,10/3/23,VOO,Cash Div: R/D 2023-09-29 P/D 2023-10-03 - 1.751648 shares at 1.4925,CDIV,,,2.61,2.61
10/3/23,10/3/23,10/5/23,NKE,"Nike
CUSIP: 654106103
Dividend Reinvestment",Buy,0.007254,$95.11 ,-0.69,0.69
10/2/23,10/2/23,10/2/23,NKE,Cash Div: R/D 2023-09-05 P/D 2023-10-02 - 2.043189 shares at 0.34,CDIV,,,0.69,0.69
9/25/23,9/25/23,9/27/23,BLK,"BlackRock
CUSIP: 09247X101
Dividend Reinvestment",Buy,0.022386,$656.20 ,-14.69,14.69
9/22/23,9/22/23,9/22/23,BLK,Cash Div: R/D 2023-09-08 P/D 2023-09-22 - 2.937802 shares at 5,CDIV,,,14.69,14.69
9/15/23,9/15/23,9/19/23,MSFT,"Microsoft
CUSIP: 594918104
Dividend Reinvestment",Buy,0.022788,$333.07 ,-7.59,7.59
9/14/23,9/14/23,9/14/23,MSFT,Cash Div: R/D 2023-08-17 P/D 2023-09-14 - 11.167983 shares at 0.68,CDIV,,,7.59,7.59
9/6/23,9/6/23,9/8/23,PFE,"Pfizer
CUSIP: 717081103
Dividend Reinvestment",Buy,0.025692,$34.64 ,-0.89,0.89
9/5/23,9/5/23,9/5/23,PFE,Cash Div: R/D 2023-07-28 P/D 2023-09-05 - 2.174672 shares at 0.41,CDIV,,,0.89,0.89
9/5/23,9/5/23,9/7/23,F,"Ford Motor
CUSIP: 345370860
Dividend Reinvestment",Buy,0.786655,$12.14 ,-9.55,9.55
9/1/23,9/1/23,9/1/23,F,Cash Div: R/D 2023-07-25 P/D 2023-09-01 - 63.69711 shares at 0.15,CDIV,,,9.55,9.55
8/28/23,8/28/23,8/30/23,SBUX,"Starbucks
CUSIP: 855244109
Dividend Reinvestment",Buy,0.011436,$97.06 ,-1.11,1.11
8/25/23,8/25/23,8/25/23,SBUX,Cash Div: R/D 2023-08-11 P/D 2023-08-25 - 2.085033 shares at 0.53,CDIV,,,1.11,1.11
8/18/23,8/18/23,8/22/23,AAPL,"Apple
CUSIP: 037833100
Dividend Reinvestment",Buy,0.008961,$172.97 ,-1.55,1.55
8/17/23,8/17/23,8/17/23,AAPL,Cash Div: R/D 2023-08-14 P/D 2023-08-17 - 6.450084 shares at 0.24,CDIV,,,1.55,1.55
7/6/23,7/6/23,7/10/23,VOO,"Vanguard S&P 500 ETF
CUSIP: 922908363
order batcher",Buy,0.006836,$402.23 ,-2.75,2.75
7/6/23,7/6/23,7/10/23,NKE,"Nike
CUSIP: 654106103
order batcher",Buy,0.006595,$104.61 ,-0.69,0.69
7/5/23,7/5/23,7/5/23,VOO,Cash Div: R/D 2023-06-30 P/D 2023-07-05 - 1.744812 shares at 1.5762,CDIV,,,2.75,2.75
7/5/23,7/5/23,7/5/23,NKE,Cash Div: R/D 2023-06-05 P/D 2023-07-05 - 2.036594 shares at 0.34,CDIV,,,0.69,0.69
6/26/23,6/26/23,6/28/23,BLK,"BlackRock
CUSIP: 09247X101
order batcher",Buy,0.021404,$681.15 ,-14.58,14.58
6/23/23,6/23/23,6/23/23,BLK,Cash Div: R/D 2023-06-08 P/D 2023-06-23 - 2.916398 shares at 5,CDIV,,,14.58,14.58
6/12/23,6/12/23,6/14/23,PFE,"Pfizer
CUSIP: 717081103
order batcher",Buy,0.022205,$39.63 ,-0.88,0.88
6/9/23,6/9/23,6/9/23,PFE,Cash Div: R/D 2023-05-12 P/D 2023-06-09 - 2.152467 shares at 0.41,CDIV,,,0.88,0.88
6/9/23,6/9/23,6/13/23,MSFT,"Microsoft
CUSIP: 594918104
order batcher",Buy,0.023057,$328.75 ,-7.58,7.58
6/8/23,6/8/23,6/8/23,MSFT,Cash Div: R/D 2023-05-18 P/D 2023-06-08 - 11.144926 shares at 0.68,CDIV,,,7.58,7.58
6/2/23,6/2/23,6/6/23,F,"Ford Motor
CUSIP: 345370860
order batcher",Buy,0.761904,$12.39 ,-9.44,9.44
6/1/23,6/1/23,6/1/23,F,Cash Div: R/D 2023-04-26 P/D 2023-06-01 - 62.935206 shares at 0.15,CDIV,,,9.44,9.44
5/30/23,5/30/23,6/1/23,SBUX,"Starbucks
CUSIP: 855244109
order batcher",Buy,0.011176,$98.42 ,-1.10,1.1
5/26/23,5/26/23,5/26/23,SBUX,Cash Div: R/D 2023-05-12 P/D 2023-05-26 - 2.073857 shares at 0.53,CDIV,,,1.10,1.1
5/19/23,5/19/23,5/23/23,AAPL,"Apple
CUSIP: 037833100
order batcher",Buy,0.008808,$175.96 ,-1.55,1.55
5/18/23,5/18/23,5/18/23,AAPL,Cash Div: R/D 2023-05-15 P/D 2023-05-18 - 6.441276 shares at 0.24,CDIV,,,1.55,1.55
4/4/23,4/4/23,4/6/23,NKE,"Nike
CUSIP: 654106103
order batcher",Buy,0.005606,$123.08 ,-0.69,0.69
4/3/23,4/3/23,4/3/23,NKE,Cash Div: R/D 2023-03-06 P/D 2023-04-03 - 2.030988 shares at 0.34,CDIV,,,0.69,0.69
3/30/23,3/30/23,4/3/23,VOO,"Vanguard S&P 500 ETF
CUSIP: 922908363
order batcher",Buy,0.006952,$371.07 ,-2.58,2.58
3/29/23,3/29/23,3/29/23,VOO,Cash Div: R/D 2023-03-27 P/D 2023-03-29 - 1.73786 shares at 1.4874,CDIV,,,2.58,2.58
3/24/23,3/24/23,3/28/23,BLK,"BlackRock
CUSIP: 09247X101
order batcher",Buy,0.02236,$647.12 ,-14.47,14.47
3/23/23,3/23/23,3/23/23,BLK,Cash Div: R/D 2023-03-07 P/D 2023-03-23 - 2.894038 shares at 5,CDIV,,,14.47,14.47
3/10/23,3/10/23,3/14/23,MSFT,"Microsoft
CUSIP: 594918104
order batcher",Buy,0.030287,$249.61 ,-7.56,7.56
3/9/23,3/9/23,3/9/23,MSFT,Cash Div: R/D 2023-02-16 P/D 2023-03-09 - 11.114639 shares at 0.68,CDIV,,,7.56,7.56
3/6/23,3/6/23,3/8/23,PFE,"Pfizer
CUSIP: 717081103
order batcher",Buy,0.021167,$41.10 ,-0.87,0.87
3/3/23,3/3/23,3/3/23,PFE,Cash Div: R/D 2023-01-27 P/D 2023-03-03 - 2.1313 shares at 0.41,CDIV,,,0.87,0.87
3/2/23,3/2/23,3/6/23,F,"Ford Motor
CUSIP: 345370860
order batcher",Buy,3.094202,$12.42 ,-38.43,38.43
3/2/23,3/2/23,3/6/23,F,"Ford Motor
CUSIP: 345370860
order batcher",Buy,0.715322,$12.40 ,-8.87,8.87
3/1/23,3/1/23,3/1/23,F,Cash Div: R/D 2023-02-13 P/D 2023-03-01 - 59.125682 shares at 0.15,CDIV,,,8.87,8.87
3/1/23,3/1/23,3/1/23,F,Cash Div: R/D 2023-02-13 P/D 2023-03-01 - 59.125682 shares at 0.65,CDIV,,,38.43,38.43
2/27/23,2/27/23,3/1/23,SBUX,"Starbucks
CUSIP: 855244109
order batcher",Buy,0.010569,$103.13 ,-1.09,1.09
2/24/23,2/24/23,2/24/23,SBUX,Cash Div: R/D 2023-02-10 P/D 2023-02-24 - 2.063288 shares at 0.53,CDIV,,,1.09,1.09
2/17/23,2/17/23,2/22/23,AAPL,"Apple
CUSIP: 037833100
order batcher",Buy,0.00972,$152.26 ,-1.48,1.48
2/16/23,2/16/23,2/16/23,AAPL,Cash Div: R/D 2023-02-13 P/D 2023-02-16 - 6.431556 shares at 0.23,CDIV,,,1.48,1.48
12/29/22,12/29/22,1/3/23,NKE,"Nike
CUSIP: 654106103
order batcher",Buy,0.0059,$116.93 ,-0.69,0.69
12/28/22,12/28/22,12/28/22,NKE,Cash Div: R/D 2022-12-05 P/D 2022-12-28 - 2.025088 shares at 0.34,CDIV,,,0.69,0.69
12/27/22,12/27/22,12/29/22,BLK,"BlackRock
CUSIP: 09247X101
order batcher",Buy,0.019967,$702.63 ,-14.03,14.03
12/27/22,12/27/22,12/29/22,VOO,"Vanguard S&P 500 ETF
CUSIP: 922908363
order batcher",Buy,0.00825,$350.27 ,-2.89,2.89
12/23/22,12/23/22,12/23/22,BLK,Cash Div: R/D 2022-12-07 P/D 2022-12-23 - 2.874071 shares at 4.88,CDIV,,,14.03,14.03
12/23/22,12/23/22,12/23/22,VOO,Cash Div: R/D 2022-12-21 P/D 2022-12-23 - 1.72961 shares at 1.6717,CDIV,,,2.89,2.89
12/9/22,12/9/22,12/13/22,MSFT,"Microsoft
CUSIP: 594918104
order batcher",Buy,0.030578,$246.58 ,-7.54,7.54
12/8/22,12/8/22,12/8/22,MSFT,Cash Div: R/D 2022-11-17 P/D 2022-12-08 - 11.084061 shares at 0.68,CDIV,,,7.54,7.54
12/6/22,12/6/22,12/8/22,PFE,"Pfizer
CUSIP: 717081103
order batcher",Buy,0.016928,$50.21 ,-0.85,0.85
12/5/22,12/5/22,12/5/22,PFE,Cash Div: R/D 2022-11-04 P/D 2022-12-05 - 2.114372 shares at 0.4,CDIV,,,0.85,0.85
12/2/22,12/2/22,12/6/22,F,"Ford Motor
CUSIP: 345370860
order batcher",Buy,0.630028,$13.92 ,-8.77,8.77
12/1/22,12/1/22,12/1/22,F,Cash Div: R/D 2022-11-15 P/D 2022-12-01 - 58.495654 shares at 0.15,CDIV,,,8.77,8.77
11/28/22,11/28/22,11/30/22,SBUX,"Starbucks
CUSIP: 855244109
order batcher",Buy,0.010985,$99.22 ,-1.09,1.09
11/25/22,11/25/22,11/25/22,SBUX,Cash Div: R/D 2022-11-11 P/D 2022-11-25 - 2.052303 shares at 0.53,CDIV,,,1.09,1.09
11/11/22,11/11/22,11/15/22,AAPL,"Apple
CUSIP: 037833100
Bulk Equity Order Allocation Execution",Buy,0.010182,$145.36 ,-1.48,1.48
11/10/22,11/10/22,11/10/22,AAPL,Cash Div: R/D 2022-11-07 P/D 2022-11-10 - 6.421374 shares at 0.23,CDIV,,,1.48,1.48
10/5/22,10/5/22,10/7/22,VOO,"Vanguard S&P 500 ETF
CUSIP: 922908363
Bulk Equity Order Allocation Execution",Buy,0.007373,$343.15 ,-2.53,2.53
10/4/22,10/4/22,10/4/22,VOO,Cash Div: R/D 2022-09-29 P/D 2022-10-03 - 1.722237 shares at 1.4692,CDIV,,,2.53,2.53
10/4/22,10/4/22,10/6/22,NKE,"Nike
CUSIP: 654106103
Bulk Equity Order Allocation Execution",Buy,0.007064,$87.77 ,-0.62,0.62
10/3/22,10/3/22,10/3/22,NKE,Cash Div: R/D 2022-09-06 P/D 2022-10-03 - 2.018024 shares at 0.305,CDIV,,,0.62,0.62
9/26/22,9/26/22,9/28/22,BLK,"BlackRock
CUSIP: 09247X101
Bulk Equity Order Allocation Execution",Buy,0.023601,$589.37 ,-13.91,13.91
9/23/22,9/23/22,9/23/22,BLK,Cash Div: R/D 2022-09-07 P/D 2022-09-23 - 2.85047 shares at 4.88,CDIV,,,13.91,13.91
9/9/22,9/9/22,9/13/22,MSFT,"Microsoft
CUSIP: 594918104
Bulk Equity Order Allocation Execution",Buy,0.026122,$262.61 ,-6.86,6.86
9/8/22,9/8/22,9/8/22,MSFT,Cash Div: R/D 2022-08-18 P/D 2022-09-08 - 11.057939 shares at 0.62,CDIV,,,6.86,6.86
9/7/22,9/7/22,9/9/22,PFE,"Pfizer
CUSIP: 717081103
Bulk Equity Order Allocation Execution",Buy,0.01833,$45.83 ,-0.84,0.84
9/6/22,9/6/22,9/6/22,PFE,Cash Div: R/D 2022-07-29 P/D 2022-09-06 - 2.096042 shares at 0.4,CDIV,,,0.84,0.84
9/2/22,9/2/22,9/7/22,F,"Ford Motor
CUSIP: 345370860
Bulk Equity Order Allocation Execution",Buy,0.560363,$15.51 ,-8.69,8.69
9/1/22,9/1/22,9/1/22,F,Cash Div: R/D 2022-08-11 P/D 2022-09-01 - 57.935291 shares at 0.15,CDIV,,,8.69,8.69
8/29/22,8/29/22,8/31/22,SBUX,"Starbucks
CUSIP: 855244109
Bulk Equity Order Allocation Execution",Buy,0.012015,$83.23 ,-1.00,1
8/26/22,8/26/22,8/26/22,SBUX,Cash Div: R/D 2022-08-12 P/D 2022-08-26 - 2.040288 shares at 0.49,CDIV,,,1.00,1
8/25/22,8/25/22,8/25/22,TSLA,"Tesla
CUSIP: 88160R101",SPL,4.0314,,,0
8/12/22,8/12/22,8/16/22,AAPL,"Apple
CUSIP: 037833100
Bulk Equity Order Allocation Execution",Buy,0.008651,$169.92 ,-1.47,1.47
8/11/22,8/11/22,8/11/22,AAPL,Cash Div: R/D 2022-08-08 P/D 2022-08-11 - 6.412723 shares at 0.23,CDIV,,,1.47,1.47
8/8/22,8/8/22,8/10/22,META,"Meta Platforms
CUSIP: 30303M102",Sell,1,$174.81 ,174.81,174.81
8/8/22,8/8/22,8/10/22,AMZN,"Amazon
CUSIP: 023135106",Buy,13.999813,$142.59 ,-1996.19,1996.19
8/8/22,8/8/22,8/10/22,AMZN,"Amazon
CUSIP: 023135106",Buy,0.095171,$142.58 ,-13.57,13.57
8/8/22,8/8/22,8/10/22,GOOGL,"Alphabet Class A
CUSIP: 02079K305",Buy,24.998051,$119.33 ,-2983.00,2983
8/8/22,8/8/22,8/10/22,GOOGL,"Alphabet Class A
CUSIP: 02079K305",Buy,0.142474,$119.32 ,-17.00,17
8/8/22,8/8/22,8/10/22,MSFT,"Microsoft
CUSIP: 594918104",Buy,6.99952,$284.71 ,-1992.80,1992.8
8/8/22,8/8/22,8/10/22,MSFT,"Microsoft
CUSIP: 594918104",Buy,0.025308,$284.68 ,-7.20,7.2
8/8/22,8/8/22,8/10/22,BLK,"BlackRock
CUSIP: 09247X101",Buy,0.001995,$701.64 ,-1.40,1.4
8/8/22,8/8/22,8/10/22,BLK,"BlackRock
CUSIP: 09247X101",Buy,2.848475,$701.64 ,-1998.60,1998.6
7/29/22,7/29/22,7/29/22,,ACH Deposit,ACH,,,10000.00,10000
7/6/22,7/6/22,7/8/22,VOO,"Vanguard S&P 500 ETF
CUSIP: 922908363
Bulk Equity Order Allocation Execution",Buy,0.007004,$351.25 ,-2.46,2.46
7/5/22,7/5/22,7/5/22,VOO,Cash Div: R/D 2022-06-30 P/D 2022-07-05 - 1.715233 shares at 1.4321,CDIV,,,2.46,2.46
7/5/22,7/5/22,7/7/22,NKE,"Nike
CUSIP: 654106103
Bulk Equity Order Allocation Execution",Buy,0.006054,$100.77 ,-0.61,0.61
7/1/22,7/1/22,7/1/22,NKE,Cash Div: R/D 2022-06-06 P/D 2022-07-01 - 2.01197 shares at 0.305,CDIV,,,0.61,0.61
6/13/22,6/13/22,6/15/22,PFE,"Pfizer
CUSIP: 717081103
Bulk Equity Order Allocation Execution",Buy,0.017008,$48.80 ,-0.83,0.83
6/10/22,6/10/22,6/10/22,PFE,Cash Div: R/D 2022-05-13 P/D 2022-06-10 - 2.079034 shares at 0.4,CDIV,,,0.83,0.83
6/10/22,6/10/22,6/14/22,MSFT,"Microsoft
CUSIP: 594918104
Bulk Equity Order Allocation Execution",Buy,0.009587,$259.72 ,-2.49,2.49
6/9/22,6/9/22,6/9/22,MSFT,Cash Div: R/D 2022-05-19 P/D 2022-06-09 - 4.023524 shares at 0.62,CDIV,,,2.49,2.49
6/2/22,6/2/22,6/6/22,F,"Ford Motor
CUSIP: 345370860
Bulk Equity Order Allocation Execution",Buy,0.419096,$13.72 ,-5.75,5.75
6/1/22,6/1/22,6/1/22,F,Cash Div: R/D 2022-04-26 P/D 2022-06-01 - 57.516195 shares at 0.1,CDIV,,,5.75,5.75
5/31/22,5/31/22,6/2/22,SBUX,"Starbucks
CUSIP: 855244109
Bulk Equity Order Allocation Execution",Buy,0.012862,$76.97 ,-0.99,0.99
5/27/22,5/27/22,5/27/22,SBUX,Cash Div: R/D 2022-05-13 P/D 2022-05-27 - 2.027426 shares at 0.49,CDIV,,,0.99,0.99
5/13/22,5/13/22,5/17/22,AAPL,"Apple
CUSIP: 037833100
Bulk Equity Order Allocation Execution",Buy,0.010233,$143.66 ,-1.47,1.47
5/12/22,5/12/22,5/12/22,AAPL,Cash Div: R/D 2022-05-09 P/D 2022-05-12 - 6.40249 shares at 0.23,CDIV,,,1.47,1.47
4/4/22,4/4/22,4/6/22,NKE,"Nike
CUSIP: 654106103
Bulk Equity Order Allocation Execution",Buy,0.004573,$133.39 ,-0.61,0.61
4/1/22,4/1/22,4/1/22,NKE,Cash Div: R/D 2022-03-07 P/D 2022-04-01 - 2.007397 shares at 0.305,CDIV,,,0.61,0.61
3/30/22,3/30/22,4/1/22,VOO,"Vanguard S&P 500 ETF
CUSIP: 922908363
Bulk Equity Order Allocation Execution",Buy,0.005552,$423.26 ,-2.35,2.35
3/29/22,3/29/22,3/29/22,VOO,Cash Div: R/D 2022-03-25 P/D 2022-03-29 - 1.709681 shares at 1.3737,CDIV,,,2.35,2.35
3/11/22,3/11/22,3/15/22,MSFT,"Microsoft
CUSIP: 594918104
Bulk Equity Order Allocation Execution",Buy,0.008632,$288.46 ,-2.49,2.49
3/10/22,3/10/22,3/10/22,MSFT,Cash Div: R/D 2022-02-17 P/D 2022-03-10 - 4.014892 shares at 0.62,CDIV,,,2.49,2.49
3/7/22,3/7/22,3/9/22,PFE,"Pfizer
CUSIP: 717081103
Bulk Equity Order Allocation Execution",Buy,0.016964,$48.34 ,-0.82,0.82
3/4/22,3/4/22,3/4/22,PFE,Cash Div: R/D 2022-01-28 P/D 2022-03-04 - 2.06207 shares at 0.4,CDIV,,,0.82,0.82
3/2/22,3/2/22,3/4/22,F,"Ford Motor
CUSIP: 345370860
Bulk Equity Order Allocation Execution",Buy,0.329683,$17.35 ,-5.72,5.72
3/1/22,3/1/22,3/1/22,F,Cash Div: R/D 2022-01-31 P/D 2022-03-01 - 57.186512 shares at 0.1,CDIV,,,5.72,5.72
2/28/22,2/28/22,3/2/22,SBUX,"Starbucks
CUSIP: 855244109
Bulk Equity Order Allocation Execution",Buy,0.010845,$91.29 ,-0.99,0.99
2/25/22,2/25/22,2/25/22,SBUX,Cash Div: R/D 2022-02-11 P/D 2022-02-25 - 2.016581 shares at 0.49,CDIV,,,0.99,0.99
2/11/22,2/11/22,2/15/22,AAPL,"Apple
CUSIP: 037833100
Bulk Equity Order Allocation Execution",Buy,0.008181,$172.35 ,-1.41,1.41
2/10/22,2/10/22,2/10/22,AAPL,Cash Div: R/D 2022-02-07 P/D 2022-02-10 - 6.394309 shares at 0.22,CDIV,,,1.41,1.41
1/10/22,1/10/22,1/12/22,AAPL,"Apple
CUSIP: 037833100",Buy,2.955807,$169.16 ,-500.00,500
1/10/22,1/10/22,1/10/22,,ACH Deposit,ACH,,,500.00,500
12/29/21,12/29/21,12/31/21,NKE,"Nike
CUSIP: 654106103
Bulk Equity Order Allocation Execution",Buy,0.003658,$166.77 ,-0.61,0.61
12/28/21,12/28/21,12/28/21,NKE,Cash Div: R/D 2021-12-06 P/D 2021-12-28 - 2.003739 shares at 0.305,CDIV,,,0.61,0.61
12/28/21,12/28/21,12/30/21,VOO,"Vanguard S&P 500 ETF
CUSIP: 922908363
Bulk Equity Order Allocation Execution",Buy,0.005943,$439.19 ,-2.61,2.61
12/27/21,12/27/21,12/27/21,VOO,Cash Div: R/D 2021-12-22 P/D 2021-12-27 - 1.703738 shares at 1.5329,CDIV,,,2.61,2.61
12/10/21,12/10/21,12/14/21,MSFT,"Microsoft
CUSIP: 594918104
Bulk Equity Order Allocation Execution",Buy,0.007394,$335.42 ,-2.48,2.48
12/9/21,12/9/21,12/9/21,MSFT,Cash Div: R/D 2021-11-18 P/D 2021-12-09 - 4.007498 shares at 0.62,CDIV,,,2.48,2.48
12/7/21,12/7/21,12/9/21,PFE,"Pfizer
CUSIP: 717081103
Bulk Equity Order Allocation Execution",Buy,0.015533,$51.50 ,-0.80,0.8
12/6/21,12/6/21,12/6/21,PFE,Cash Div: R/D 2021-11-05 P/D 2021-12-06 - 2.046537 shares at 0.39,CDIV,,,0.80,0.8
12/2/21,12/2/21,12/6/21,F,"Ford Motor
CUSIP: 345370860
Bulk Equity Order Allocation Execution",Buy,0.292094,$19.48 ,-5.69,5.69
12/1/21,12/1/21,12/1/21,F,Cash Div: R/D 2021-11-19 P/D 2021-12-01 - 56.894418 shares at 0.1,CDIV,,,5.69,5.69
11/29/21,11/29/21,12/1/21,SBUX,"Starbucks
CUSIP: 855244109
Bulk Equity Order Allocation Execution",Buy,0.0088,$111.37 ,-0.98,0.98
11/26/21,11/26/21,11/26/21,SBUX,Cash Div: R/D 2021-11-12 P/D 2021-11-26 - 2.007781 shares at 0.49,CDIV,,,0.98,0.98
11/15/21,11/15/21,11/17/21,AAPL,"Apple
CUSIP: 037833100
Bulk Equity Order Allocation Execution",Buy,0.005053,$150.42 ,-0.76,0.76
11/12/21,11/12/21,11/12/21,AAPL,Cash Div: R/D 2021-11-08 P/D 2021-11-11 - 3.433449 shares at 0.22,CDIV,,,0.76,0.76
10/5/21,10/5/21,10/7/21,VOO,"Vanguard S&P 500 ETF
CUSIP: 922908363
Bulk Equity Order Allocation Execution",Buy,0.005611,$395.66 ,-2.22,2.22
10/4/21,10/4/21,10/4/21,VOO,Cash Div: R/D 2021-09-30 P/D 2021-10-04 - 1.698127 shares at 1.3084,CDIV,,,2.22,2.22
10/4/21,10/4/21,10/6/21,NKE,"Nike
CUSIP: 654106103
Bulk Equity Order Allocation Execution",Buy,0.003739,$147.10 ,-0.55,0.55
10/1/21,10/1/21,10/1/21,NKE,Cash Div: R/D 2021-08-30 P/D 2021-10-01 - 2 shares at 0.275,CDIV,,,0.55,0.55
9/10/21,9/10/21,9/14/21,MSFT,"Microsoft
CUSIP: 594918104
Bulk Equity Order Allocation Execution",Buy,0.007498,$298.74 ,-2.24,2.24
9/9/21,9/9/21,9/9/21,MSFT,Cash Div: R/D 2021-08-19 P/D 2021-09-09 - 4 shares at 0.56,CDIV,,,2.24,2.24
8/30/21,8/30/21,9/1/21,SBUX,"Starbucks
CUSIP: 855244109
Bulk Equity Order Allocation Execution",Buy,0.007781,$115.67 ,-0.90,0.9
8/27/21,8/27/21,8/27/21,SBUX,Cash Div: R/D 2021-08-12 P/D 2021-08-27 - 2 shares at 0.45,CDIV,,,0.90,0.9
8/13/21,8/13/21,8/17/21,AAPL,"Apple
CUSIP: 037833100
Bulk Equity Order Allocation Execution",Buy,0.005035,$148.95 ,-0.75,0.75
8/12/21,8/12/21,8/12/21,AAPL,Cash Div: R/D 2021-08-09 P/D 2021-08-12 - 3.428414 shares at 0.22,CDIV,,,0.75,0.75
8/4/21,8/4/21,8/6/21,PFE,"Pfizer
CUSIP: 717081103",Buy,1.999836,$45.40 ,-90.79,90.79
8/4/21,8/4/21,8/6/21,PFE,"Pfizer
CUSIP: 717081103",Buy,0.046701,$45.40 ,-2.12,2.12
8/4/21,8/4/21,8/6/21,VOO,"Vanguard S&P 500 ETF
CUSIP: 922908363",Buy,1,$404.46 ,-404.46,404.46
8/4/21,8/4/21,8/6/21,MSFT,"Microsoft
CUSIP: 594918104",Buy,2,$286.48 ,-572.96,572.96
8/4/21,8/4/21,8/6/21,F,"Ford Motor
CUSIP: 345370860",Buy,36.101083,$13.85 ,-500.00,500
8/4/21,8/4/21,8/6/21,TSLA,"Tesla
CUSIP: 88160R101",Buy,1.999492,$709.43 ,-1418.50,1418.5
8/4/21,8/4/21,8/6/21,TSLA,"Tesla
CUSIP: 88160R101",Buy,0.016214,$709.25 ,-11.50,11.5
7/29/21,7/29/21,8/2/21,VOO,"Vanguard S&P 500 ETF
CUSIP: 922908363",Buy,0.698127,$405.38 ,-283.00,283
7/29/21,7/29/21,8/2/21,AAPL,"Apple
CUSIP: 037833100",Buy,3.428414,$145.84 ,-500.00,500
7/29/21,7/29/21,8/2/21,F,"Ford Motor
CUSIP: 345370860",Buy,20.793335,$14.43 ,-300.00,300
7/29/21,7/29/21,7/29/21,,ACH Deposit,ACH,,,4000.00,4000
7/1/21,7/1/21,7/1/21,NKE,Cash Div: R/D 2021-06-01 P/D 2021-07-01 - 2 shares at 0.275,CDIV,,,0.55,0.55
6/10/21,6/10/21,6/10/21,MSFT,Cash Div: R/D 2021-05-20 P/D 2021-06-10 - 2 shares at 0.56,CDIV,,,1.12,1.12
5/28/21,5/28/21,5/28/21,SBUX,Cash Div: R/D 2021-05-13 P/D 2021-05-28 - 2 shares at 0.45,CDIV,,,0.90,0.9
4/1/21,4/1/21,4/1/21,NKE,Cash Div: R/D 2021-03-01 P/D 2021-04-01 - 2 shares at 0.275,CDIV,,,0.55,0.55
3/22/21,3/22/21,3/24/21,KDP,"Keurig Dr Pepper
CUSIP: 49271V100",Sell,1,$33.91 ,33.91,33.91
3/11/21,3/11/21,3/11/21,MSFT,Cash Div: R/D 2021-02-18 P/D 2021-03-11 - 2 shares at 0.56,CDIV,,,1.12,1.12
3/5/21,3/5/21,3/5/21,SBUX,Cash Div: R/D 2021-02-18 P/D 2021-03-05 - 2 shares at 0.45,CDIV,,,0.90,0.9
1/22/21,1/22/21,1/22/21,KDP,Cash Div: R/D 2021-01-08 P/D 2021-01-22 - 1 shares at 0.15,CDIV,,,0.15,0.15
12/29/20,12/29/20,12/29/20,NKE,Cash Div: R/D 2020-12-07 P/D 2020-12-29 - 2 shares at 0.275,CDIV,,,0.55,0.55
12/10/20,12/10/20,12/10/20,MSFT,Cash Div: R/D 2020-11-19 P/D 2020-12-10 - 2 shares at 0.56,CDIV,,,1.12,1.12
11/27/20,11/27/20,11/27/20,SBUX,Cash Div: R/D 2020-11-12 P/D 2020-11-27 - 2 shares at 0.45,CDIV,,,0.90,0.9
10/16/20,10/16/20,10/16/20,KDP,Cash Div: R/D 2020-10-02 P/D 2020-10-16 - 1 shares at 0.15,CDIV,,,0.15,0.15
10/1/20,10/1/20,10/1/20,NKE,Cash Div: R/D 2020-08-31 P/D 2020-10-01 - 2 shares at 0.245,CDIV,,,0.49,0.49
9/10/20,9/10/20,9/10/20,MSFT,Cash Div: R/D 2020-08-20 P/D 2020-09-10 - 2 shares at 0.51,CDIV,,,1.02,1.02
8/21/20,8/21/20,8/21/20,SBUX,Cash Div: R/D 2020-08-07 P/D 2020-08-21 - 2 shares at 0.41,CDIV,,,0.82,0.82
7/17/20,7/17/20,7/17/20,KDP,Cash Div: R/D 2020-07-03 P/D 2020-07-17 - 1 shares at 0.15,CDIV,,,0.15,0.15
7/1/20,7/1/20,7/1/20,NKE,Cash Div: R/D 2020-06-01 P/D 2020-07-01 - 2 shares at 0.245,CDIV,,,0.49,0.49
6/11/20,6/11/20,6/11/20,MSFT,Cash Div: R/D 2020-05-21 P/D 2020-06-11 - 2 shares at 0.51,CDIV,,,1.02,1.02
5/22/20,5/22/20,5/22/20,SBUX,Cash Div: R/D 2020-05-08 P/D 2020-05-22 - 2 shares at 0.41,CDIV,,,0.82,0.82
4/17/20,4/17/20,4/17/20,KDP,Cash Div: R/D 2020-04-03 P/D 2020-04-17 - 1 shares at 0.15,CDIV,,,0.15,0.15
4/1/20,4/1/20,4/1/20,NKE,Cash Div: R/D 2020-03-02 P/D 2020-04-01 - 2 shares at 0.245,CDIV,,,0.49,0.49
3/12/20,3/12/20,3/12/20,MSFT,Cash Div: R/D 2020-02-20 P/D 2020-03-12 - 2 shares at 0.51,CDIV,,,1.02,1.02
2/21/20,2/21/20,2/21/20,SBUX,Cash Div: R/D 2020-02-06 P/D 2020-02-21 - 2 shares at 0.41,CDIV,,,0.82,0.82
1/17/20,1/17/20,1/17/20,KDP,Cash Div: R/D 2020-01-03 P/D 2020-01-17 - 1 shares at 0.15,CDIV,,,0.15,0.15
1/2/20,1/2/20,1/2/20,NKE,Cash Div: R/D 2019-12-02 P/D 2020-01-02 - 2 shares at 0.245,CDIV,,,0.49,0.49
12/12/19,12/12/19,12/12/19,MSFT,Cash Div: R/D 2019-11-21 P/D 2019-12-12 - 2 shares at 0.51,CDIV,,,1.02,1.02
11/29/19,11/29/19,11/29/19,SBUX,Cash Div: R/D 2019-11-13 P/D 2019-11-29 - 2 shares at 0.41,CDIV,,,0.82,0.82
10/18/19,10/18/19,10/18/19,KDP,Cash Div: R/D 2019-10-04 P/D 2019-10-18 - 1 shares at 0.15,CDIV,,,0.15,0.15
9/30/19,9/30/19,9/30/19,NKE,Cash Div: R/D 2019-09-03 P/D 2019-09-30 - 2 shares at 0.22,CDIV,,,0.44,0.44
9/12/19,9/12/19,9/12/19,MSFT,Cash Div: R/D 2019-08-15 P/D 2019-09-12 - 2 shares at 0.46,CDIV,,,0.92,0.92
8/23/19,8/23/19,8/23/19,SBUX,Cash Div: R/D 2019-08-08 P/D 2019-08-23 - 2 shares at 0.36,CDIV,,,0.72,0.72
8/1/19,8/1/19,8/1/19,,ACH Deposit,ACH,,,50.00,50
8/1/19,8/1/19,8/5/19,NKE,"Nike
CUSIP: 654106103",Buy,1,$83.50 ,-83.50,83.5
8/1/19,8/1/19,8/5/19,MSFT,"Microsoft
CUSIP: 594918104",Buy,1,$138.07 ,-138.07,138.07
8/1/19,8/1/19,8/1/19,,ACH Deposit,ACH,,,100.00,100
8/1/19,8/1/19,8/5/19,NKE,"Nike
CUSIP: 654106103",Buy,1,$83.11 ,-83.11,83.11
8/1/19,8/1/19,8/1/19,,ACH Deposit,ACH,,,100.00,100
8/1/19,8/1/19,8/5/19,META,"Meta Platforms
CUSIP: 30303M102",Buy,1,$192.79 ,-192.79,192.79
8/1/19,8/1/19,8/5/19,MSFT,"Microsoft
CUSIP: 594918104",Buy,1,$138.06 ,-138.06,138.06
8/1/19,8/1/19,8/1/19,,ACH Deposit,ACH,,,400.00,400
,,,,,,,,,
,,,,,,,,,The data provided is for informational purposes only. Please consult a professional tax service or personal tax advisor if you need instructions on how to calculate cost basis or questions regarding your specific tax situation. Reminder: This data does not include Robinhood Crypto or Robinhood Spending activity.
,,,,,,,,,
,,,,,,,,,
,,,,,,,,,
,,,,,,,,,
,,,,,,,,,
,,,,,,,,32328.31,771310.43